# sloop: generated by tools/make_models.py (placeholder)
o brass
usemtl brass
s off
v -0.0608 0.5800 -2.0237
v -0.3506 0.4513 -1.5607
v -0.3866 0.4908 -1.5792
vn -0.5034 -0.6980 -0.5093
f 1//1 2//1 3//1
v -0.0608 0.5800 -2.0237
v -0.0247 0.5405 -2.0052
v -0.3506 0.4513 -1.5607
vn -0.5034 -0.6980 -0.5093
f 4//2 5//2 6//2
v -0.0285 0.5800 -2.0000
v -0.0247 0.5405 -2.0052
v -0.0608 0.5800 -2.0237
vn 0.5837 0.1599 -0.7961
f 7//3 8//3 9//3
v -0.3544 0.4908 -1.5556
v -0.3866 0.4908 -1.5792
v -0.3506 0.4513 -1.5607
vn -0.5837 -0.1599 0.7961
f 10//4 11//4 12//4
v -0.0247 0.5405 -2.0052
v -0.3221 0.4908 -1.5319
v -0.3506 0.4513 -1.5607
vn 0.6371 -0.6980 0.3269
f 13//5 14//5 15//5
v -0.0247 0.5405 -2.0052
v 0.0038 0.5800 -1.9763
v -0.3221 0.4908 -1.5319
vn 0.6371 -0.6980 0.3269
f 16//6 17//6 18//6
v -0.0285 0.5800 -2.0000
v 0.0038 0.5800 -1.9763
v -0.0247 0.5405 -2.0052
vn 0.5837 0.1599 -0.7961
f 19//7 20//7 21//7
v -0.3544 0.4908 -1.5556
v -0.3506 0.4513 -1.5607
v -0.3221 0.4908 -1.5319
vn -0.5837 -0.1599 0.7961
f 22//8 23//8 24//8
v 0.0038 0.5800 -1.9763
v -0.3581 0.5302 -1.5504
v -0.3221 0.4908 -1.5319
vn 0.5034 0.6980 0.5093
f 25//9 26//9 27//9
v 0.0038 0.5800 -1.9763
v -0.0323 0.6195 -1.9948
v -0.3581 0.5302 -1.5504
vn 0.5034 0.6980 0.5093
f 28//10 29//10 30//10
v -0.0285 0.5800 -2.0000
v -0.0323 0.6195 -1.9948
v 0.0038 0.5800 -1.9763
vn 0.5837 0.1599 -0.7961
f 31//11 32//11 33//11
v -0.3544 0.4908 -1.5556
v -0.3221 0.4908 -1.5319
v -0.3581 0.5302 -1.5504
vn -0.5837 -0.1599 0.7961
f 34//12 35//12 36//12
v -0.0323 0.6195 -1.9948
v -0.3866 0.4908 -1.5792
v -0.3581 0.5302 -1.5504
vn -0.6371 0.6980 -0.3269
f 37//13 38//13 39//13
v -0.0323 0.6195 -1.9948
v -0.0608 0.5800 -2.0237
v -0.3866 0.4908 -1.5792
vn -0.6371 0.6980 -0.3269
f 40//14 41//14 42//14
v -0.0285 0.5800 -2.0000
v -0.0608 0.5800 -2.0237
v -0.0323 0.6195 -1.9948
vn 0.5837 0.1599 -0.7961
f 43//15 44//15 45//15
v -0.3544 0.4908 -1.5556
v -0.3581 0.5302 -1.5504
v -0.3866 0.4908 -1.5792
vn -0.5837 -0.1599 0.7961
f 46//16 47//16 48//16
v -0.3902 0.4908 -1.5734
v -0.5732 0.3824 -1.1160
v -0.6115 0.4220 -1.1289
vn -0.5897 -0.7004 -0.4020
f 49//17 50//17 51//17
v -0.3902 0.4908 -1.5734
v -0.3519 0.4511 -1.5605
v -0.5732 0.3824 -1.1160
vn -0.5897 -0.7004 -0.4020
f 52//18 53//18 54//18
v -0.3544 0.4908 -1.5556
v -0.3519 0.4511 -1.5605
v -0.3902 0.4908 -1.5734
vn 0.4415 0.1372 -0.8867
f 55//19 56//19 57//19
v -0.5757 0.4220 -1.1111
v -0.6115 0.4220 -1.1289
v -0.5732 0.3824 -1.1160
vn -0.4415 -0.1372 0.8867
f 58//20 59//20 60//20
v -0.3519 0.4511 -1.5605
v -0.5399 0.4220 -1.0933
v -0.5732 0.3824 -1.1160
vn 0.6762 -0.7004 0.2284
f 61//21 62//21 63//21
v -0.3519 0.4511 -1.5605
v -0.3186 0.4908 -1.5377
v -0.5399 0.4220 -1.0933
vn 0.6762 -0.7004 0.2284
f 64//22 65//22 66//22
v -0.3544 0.4908 -1.5556
v -0.3186 0.4908 -1.5377
v -0.3519 0.4511 -1.5605
vn 0.4415 0.1372 -0.8867
f 67//23 68//23 69//23
v -0.5757 0.4220 -1.1111
v -0.5732 0.3824 -1.1160
v -0.5399 0.4220 -1.0933
vn -0.4415 -0.1372 0.8867
f 70//24 71//24 72//24
v -0.3186 0.4908 -1.5377
v -0.5781 0.4616 -1.1062
v -0.5399 0.4220 -1.0933
vn 0.5897 0.7004 0.4020
f 73//25 74//25 75//25
v -0.3186 0.4908 -1.5377
v -0.3568 0.5304 -1.5506
v -0.5781 0.4616 -1.1062
vn 0.5897 0.7004 0.4020
f 76//26 77//26 78//26
v -0.3544 0.4908 -1.5556
v -0.3568 0.5304 -1.5506
v -0.3186 0.4908 -1.5377
vn 0.4415 0.1372 -0.8867
f 79//27 80//27 81//27
v -0.5757 0.4220 -1.1111
v -0.5399 0.4220 -1.0933
v -0.5781 0.4616 -1.1062
vn -0.4415 -0.1372 0.8867
f 82//28 83//28 84//28
v -0.3568 0.5304 -1.5506
v -0.6115 0.4220 -1.1289
v -0.5781 0.4616 -1.1062
vn -0.6762 0.7004 -0.2284
f 85//29 86//29 87//29
v -0.3568 0.5304 -1.5506
v -0.3902 0.4908 -1.5734
v -0.6115 0.4220 -1.1289
vn -0.6762 0.7004 -0.2284
f 88//30 89//30 90//30
v -0.3544 0.4908 -1.5556
v -0.3902 0.4908 -1.5734
v -0.3568 0.5304 -1.5506
vn 0.4415 0.1372 -0.8867
f 91//31 92//31 93//31
v -0.5757 0.4220 -1.1111
v -0.5781 0.4616 -1.1062
v -0.6115 0.4220 -1.1289
vn -0.4415 -0.1372 0.8867
f 94//32 95//32 96//32
v -0.6125 0.4220 -1.1268
v -0.7630 0.3334 -0.6704
v -0.8014 0.3732 -0.6823
vn -0.6229 -0.7035 -0.3421
f 97//33 98//33 99//33
v -0.6125 0.4220 -1.1268
v -0.5741 0.3822 -1.1148
v -0.7630 0.3334 -0.6704
vn -0.6229 -0.7035 -0.3421
f 100//34 101//34 102//34
v -0.5757 0.4220 -1.1111
v -0.5741 0.3822 -1.1148
v -0.6125 0.4220 -1.1268
vn 0.3892 0.1005 -0.9156
f 103//35 104//35 105//35
v -0.7646 0.3732 -0.6667
v -0.8014 0.3732 -0.6823
v -0.7630 0.3334 -0.6704
vn -0.3892 -0.1005 0.9156
f 106//36 107//36 108//36
v -0.5741 0.3822 -1.1148
v -0.7278 0.3732 -0.6510
v -0.7630 0.3334 -0.6704
vn 0.6786 -0.7035 0.2112
f 109//37 110//37 111//37
v -0.5741 0.3822 -1.1148
v -0.5389 0.4220 -1.0955
v -0.7278 0.3732 -0.6510
vn 0.6786 -0.7035 0.2112
f 112//38 113//38 114//38
v -0.5757 0.4220 -1.1111
v -0.5389 0.4220 -1.0955
v -0.5741 0.3822 -1.1148
vn 0.3892 0.1005 -0.9156
f 115//39 116//39 117//39
v -0.7646 0.3732 -0.6667
v -0.7630 0.3334 -0.6704
v -0.7278 0.3732 -0.6510
vn -0.3892 -0.1005 0.9156
f 118//40 119//40 120//40
v -0.5389 0.4220 -1.0955
v -0.7662 0.4130 -0.6630
v -0.7278 0.3732 -0.6510
vn 0.6229 0.7035 0.3421
f 121//41 122//41 123//41
v -0.5389 0.4220 -1.0955
v -0.5772 0.4618 -1.1074
v -0.7662 0.4130 -0.6630
vn 0.6229 0.7035 0.3421
f 124//42 125//42 126//42
v -0.5757 0.4220 -1.1111
v -0.5772 0.4618 -1.1074
v -0.5389 0.4220 -1.0955
vn 0.3892 0.1005 -0.9156
f 127//43 128//43 129//43
v -0.7646 0.3732 -0.6667
v -0.7278 0.3732 -0.6510
v -0.7662 0.4130 -0.6630
vn -0.3892 -0.1005 0.9156
f 130//44 131//44 132//44
v -0.5772 0.4618 -1.1074
v -0.8014 0.3732 -0.6823
v -0.7662 0.4130 -0.6630
vn -0.6786 0.7035 -0.2112
f 133//45 134//45 135//45
v -0.5772 0.4618 -1.1074
v -0.6125 0.4220 -1.1268
v -0.8014 0.3732 -0.6823
vn -0.6786 0.7035 -0.2112
f 136//46 137//46 138//46
v -0.5757 0.4220 -1.1111
v -0.6125 0.4220 -1.1268
v -0.5772 0.4618 -1.1074
vn 0.3892 0.1005 -0.9156
f 139//47 140//47 141//47
v -0.7646 0.3732 -0.6667
v -0.7662 0.4130 -0.6630
v -0.8014 0.3732 -0.6823
vn -0.3892 -0.1005 0.9156
f 142//48 143//48 144//48
v -0.8019 0.3732 -0.6810
v -0.9343 0.3052 -0.2244
v -0.9725 0.3451 -0.2366
vn -0.6452 -0.7059 -0.2923
f 145//49 146//49 147//49
v -0.8019 0.3732 -0.6810
v -0.7638 0.3333 -0.6689
v -0.9343 0.3052 -0.2244
vn -0.6452 -0.7059 -0.2923
f 148//50 149//50 150//50
v -0.7646 0.3732 -0.6667
v -0.7638 0.3333 -0.6689
v -0.8019 0.3732 -0.6810
vn 0.3577 0.0590 -0.9320
f 151//51 152//51 153//51
v -0.9352 0.3451 -0.2222
v -0.9725 0.3451 -0.2366
v -0.9343 0.3052 -0.2244
vn -0.3577 -0.0590 0.9320
f 154//52 155//52 156//52
v -0.7638 0.3333 -0.6689
v -0.8978 0.3451 -0.2079
v -0.9343 0.3052 -0.2244
vn 0.6751 -0.7059 0.2144
f 157//53 158//53 159//53
v -0.7638 0.3333 -0.6689
v -0.7273 0.3732 -0.6523
v -0.8978 0.3451 -0.2079
vn 0.6751 -0.7059 0.2144
f 160//54 161//54 162//54
v -0.7646 0.3732 -0.6667
v -0.7273 0.3732 -0.6523
v -0.7638 0.3333 -0.6689
vn 0.3577 0.0590 -0.9320
f 163//55 164//55 165//55
v -0.9352 0.3451 -0.2222
v -0.9343 0.3052 -0.2244
v -0.8978 0.3451 -0.2079
vn -0.3577 -0.0590 0.9320
f 166//56 167//56 168//56
v -0.7273 0.3732 -0.6523
v -0.9360 0.3850 -0.2200
v -0.8978 0.3451 -0.2079
vn 0.6452 0.7059 0.2923
f 169//57 170//57 171//57
v -0.7273 0.3732 -0.6523
v -0.7654 0.4131 -0.6645
v -0.9360 0.3850 -0.2200
vn 0.6452 0.7059 0.2923
f 172//58 173//58 174//58
v -0.7646 0.3732 -0.6667
v -0.7654 0.4131 -0.6645
v -0.7273 0.3732 -0.6523
vn 0.3577 0.0590 -0.9320
f 175//59 176//59 177//59
v -0.9352 0.3451 -0.2222
v -0.8978 0.3451 -0.2079
v -0.9360 0.3850 -0.2200
vn -0.3577 -0.0590 0.9320
f 178//60 179//60 180//60
v -0.7654 0.4131 -0.6645
v -0.9725 0.3451 -0.2366
v -0.9360 0.3850 -0.2200
vn -0.6751 0.7059 -0.2144
f 181//61 182//61 183//61
v -0.7654 0.4131 -0.6645
v -0.8019 0.3732 -0.6810
v -0.9725 0.3451 -0.2366
vn -0.6751 0.7059 -0.2144
f 184//62 185//62 186//62
v -0.7646 0.3732 -0.6667
v -0.8019 0.3732 -0.6810
v -0.7654 0.4131 -0.6645
vn 0.3577 0.0590 -0.9320
f 187//63 188//63 189//63
v -0.9352 0.3451 -0.2222
v -0.9360 0.3850 -0.2200
v -0.9725 0.3451 -0.2366
vn -0.3577 -0.0590 0.9320
f 190//64 191//64 192//64
v -0.9752 0.3451 -0.2236
v -0.9500 0.2997 0.2217
v -0.9900 0.3397 0.2209
vn -0.7064 -0.7071 -0.0322
f 193//65 194//65 195//65
v -0.9752 0.3451 -0.2236
v -0.9352 0.3051 -0.2227
v -0.9500 0.2997 0.2217
vn -0.7064 -0.7071 -0.0322
f 196//66 197//66 198//66
v -0.9352 0.3451 -0.2222
v -0.9352 0.3051 -0.2227
v -0.9752 0.3451 -0.2236
vn 0.0333 0.0122 -0.9994
f 199//67 200//67 201//67
v -0.9500 0.3397 0.2222
v -0.9900 0.3397 0.2209
v -0.9500 0.2997 0.2217
vn -0.0333 -0.0122 0.9994
f 202//68 203//68 204//68
v -0.9352 0.3051 -0.2227
v -0.9100 0.3397 0.2236
v -0.9500 0.2997 0.2217
vn 0.7070 -0.7071 0.0150
f 205//69 206//69 207//69
v -0.9352 0.3051 -0.2227
v -0.8952 0.3451 -0.2209
v -0.9100 0.3397 0.2236
vn 0.7070 -0.7071 0.0150
f 208//70 209//70 210//70
v -0.9352 0.3451 -0.2222
v -0.8952 0.3451 -0.2209
v -0.9352 0.3051 -0.2227
vn 0.0333 0.0122 -0.9994
f 211//71 212//71 213//71
v -0.9500 0.3397 0.2222
v -0.9500 0.2997 0.2217
v -0.9100 0.3397 0.2236
vn -0.0333 -0.0122 0.9994
f 214//72 215//72 216//72
v -0.8952 0.3451 -0.2209
v -0.9500 0.3797 0.2227
v -0.9100 0.3397 0.2236
vn 0.7064 0.7071 0.0322
f 217//73 218//73 219//73
v -0.8952 0.3451 -0.2209
v -0.9352 0.3851 -0.2217
v -0.9500 0.3797 0.2227
vn 0.7064 0.7071 0.0322
f 220//74 221//74 222//74
v -0.9352 0.3451 -0.2222
v -0.9352 0.3851 -0.2217
v -0.8952 0.3451 -0.2209
vn 0.0333 0.0122 -0.9994
f 223//75 224//75 225//75
v -0.9500 0.3397 0.2222
v -0.9100 0.3397 0.2236
v -0.9500 0.3797 0.2227
vn -0.0333 -0.0122 0.9994
f 226//76 227//76 228//76
v -0.9352 0.3851 -0.2217
v -0.9900 0.3397 0.2209
v -0.9500 0.3797 0.2227
vn -0.7070 0.7071 -0.0150
f 229//77 230//77 231//77
v -0.9352 0.3851 -0.2217
v -0.9752 0.3451 -0.2236
v -0.9900 0.3397 0.2209
vn -0.7070 0.7071 -0.0150
f 232//78 233//78 234//78
v -0.9352 0.3451 -0.2222
v -0.9752 0.3451 -0.2236
v -0.9352 0.3851 -0.2217
vn 0.0333 0.0122 -0.9994
f 235//79 236//79 237//79
v -0.9500 0.3397 0.2222
v -0.9500 0.3797 0.2227
v -0.9900 0.3397 0.2209
vn -0.0333 -0.0122 0.9994
f 238//80 239//80 240//80
v -0.9898 0.3397 0.2265
v -0.9023 0.3203 0.6685
v -0.9423 0.3602 0.6709
vn -0.6996 -0.7064 0.1075
f 241//81 242//81 243//81
v -0.9898 0.3397 0.2265
v -0.9498 0.2997 0.2241
v -0.9023 0.3203 0.6685
vn -0.6996 -0.7064 0.1075
f 244//82 245//82 246//82
v -0.9500 0.3397 0.2222
v -0.9498 0.2997 0.2241
v -0.9898 0.3397 0.2265
vn -0.1062 -0.0460 -0.9933
f 247//83 248//83 249//83
v -0.9025 0.3602 0.6667
v -0.9423 0.3602 0.6709
v -0.9023 0.3203 0.6685
vn 0.1062 0.0460 0.9933
f 250//84 251//84 252//84
v -0.9498 0.2997 0.2241
v -0.8627 0.3602 0.6624
v -0.9023 0.3203 0.6685
vn 0.7066 -0.7064 -0.0428
f 253//85 254//85 255//85
v -0.9498 0.2997 0.2241
v -0.9102 0.3397 0.2180
v -0.8627 0.3602 0.6624
vn 0.7066 -0.7064 -0.0428
f 256//86 257//86 258//86
v -0.9500 0.3397 0.2222
v -0.9102 0.3397 0.2180
v -0.9498 0.2997 0.2241
vn -0.1062 -0.0460 -0.9933
f 259//87 260//87 261//87
v -0.9025 0.3602 0.6667
v -0.9023 0.3203 0.6685
v -0.8627 0.3602 0.6624
vn 0.1062 0.0460 0.9933
f 262//88 263//88 264//88
v -0.9102 0.3397 0.2180
v -0.9027 0.4002 0.6648
v -0.8627 0.3602 0.6624
vn 0.6996 0.7064 -0.1075
f 265//89 266//89 267//89
v -0.9102 0.3397 0.2180
v -0.9502 0.3796 0.2204
v -0.9027 0.4002 0.6648
vn 0.6996 0.7064 -0.1075
f 268//90 269//90 270//90
v -0.9500 0.3397 0.2222
v -0.9502 0.3796 0.2204
v -0.9102 0.3397 0.2180
vn -0.1062 -0.0460 -0.9933
f 271//91 272//91 273//91
v -0.9025 0.3602 0.6667
v -0.8627 0.3602 0.6624
v -0.9027 0.4002 0.6648
vn 0.1062 0.0460 0.9933
f 274//92 275//92 276//92
v -0.9502 0.3796 0.2204
v -0.9423 0.3602 0.6709
v -0.9027 0.4002 0.6648
vn -0.7066 0.7064 0.0428
f 277//93 278//93 279//93
v -0.9502 0.3796 0.2204
v -0.9898 0.3397 0.2265
v -0.9423 0.3602 0.6709
vn -0.7066 0.7064 0.0428
f 280//94 281//94 282//94
v -0.9500 0.3397 0.2222
v -0.9898 0.3397 0.2265
v -0.9502 0.3796 0.2204
vn -0.1062 -0.0460 -0.9933
f 283//95 284//95 285//95
v -0.9025 0.3602 0.6667
v -0.9027 0.4002 0.6648
v -0.9423 0.3602 0.6709
vn 0.1062 0.0460 0.9933
f 286//96 287//96 288//96
v -0.9419 0.3602 0.6737
v -0.8225 0.3716 1.1155
v -0.8627 0.4114 1.1181
vn -0.6822 -0.7026 0.2023
f 289//97 290//97 291//97
v -0.9419 0.3602 0.6737
v -0.9017 0.3205 0.6711
v -0.8225 0.3716 1.1155
vn -0.6822 -0.7026 0.2023
f 292//98 293//98 294//98
v -0.9025 0.3602 0.6667
v -0.9017 0.3205 0.6711
v -0.9419 0.3602 0.6737
vn -0.1743 -0.1125 -0.9782
f 295//99 296//99 297//99
v -0.8233 0.4114 1.1111
v -0.8627 0.4114 1.1181
v -0.8225 0.3716 1.1155
vn 0.1743 0.1125 0.9782
f 298//100 299//100 300//100
v -0.9017 0.3205 0.6711
v -0.7840 0.4114 1.1041
v -0.8225 0.3716 1.1155
vn 0.7101 -0.7026 -0.0457
f 301//101 302//101 303//101
v -0.9017 0.3205 0.6711
v -0.8631 0.3602 0.6597
v -0.7840 0.4114 1.1041
vn 0.7101 -0.7026 -0.0457
f 304//102 305//102 306//102
v -0.9025 0.3602 0.6667
v -0.8631 0.3602 0.6597
v -0.9017 0.3205 0.6711
vn -0.1743 -0.1125 -0.9782
f 307//103 308//103 309//103
v -0.8233 0.4114 1.1111
v -0.8225 0.3716 1.1155
v -0.7840 0.4114 1.1041
vn 0.1743 0.1125 0.9782
f 310//104 311//104 312//104
v -0.8631 0.3602 0.6597
v -0.8241 0.4511 1.1067
v -0.7840 0.4114 1.1041
vn 0.6822 0.7026 -0.2023
f 313//105 314//105 315//105
v -0.8631 0.3602 0.6597
v -0.9033 0.4000 0.6622
v -0.8241 0.4511 1.1067
vn 0.6822 0.7026 -0.2023
f 316//106 317//106 318//106
v -0.9025 0.3602 0.6667
v -0.9033 0.4000 0.6622
v -0.8631 0.3602 0.6597
vn -0.1743 -0.1125 -0.9782
f 319//107 320//107 321//107
v -0.8233 0.4114 1.1111
v -0.7840 0.4114 1.1041
v -0.8241 0.4511 1.1067
vn 0.1743 0.1125 0.9782
f 322//108 323//108 324//108
v -0.9033 0.4000 0.6622
v -0.8627 0.4114 1.1181
v -0.8241 0.4511 1.1067
vn -0.7101 0.7026 0.0457
f 325//109 326//109 327//109
v -0.9033 0.4000 0.6622
v -0.9419 0.3602 0.6737
v -0.8627 0.4114 1.1181
vn -0.7101 0.7026 0.0457
f 328//110 329//110 330//110
v -0.9025 0.3602 0.6667
v -0.9419 0.3602 0.6737
v -0.9033 0.4000 0.6622
vn -0.1743 -0.1125 -0.9782
f 331//111 332//111 333//111
v -0.8233 0.4114 1.1111
v -0.8241 0.4511 1.1067
v -0.8627 0.4114 1.1181
vn 0.1743 0.1125 0.9782
f 334//112 335//112 336//112
v -0.8627 0.4114 1.1181
v -0.7428 0.4596 1.5631
v -0.7835 0.4989 1.5626
vn -0.6725 -0.6942 0.2565
f 337//113 338//113 339//113
v -0.8627 0.4114 1.1181
v -0.8220 0.3721 1.1186
v -0.7428 0.4596 1.5631
vn -0.6725 -0.6942 0.2565
f 340//114 341//114 342//114
v -0.8233 0.4114 1.1111
v -0.8220 0.3721 1.1186
v -0.8627 0.4114 1.1181
vn -0.1722 -0.1904 -0.9665
f 343//115 344//115 345//115
v -0.7442 0.4989 1.5556
v -0.7835 0.4989 1.5626
v -0.7428 0.4596 1.5631
vn 0.1722 0.1904 0.9665
f 346//116 347//116 348//116
v -0.8220 0.3721 1.1186
v -0.7048 0.4989 1.5485
v -0.7428 0.4596 1.5631
vn 0.7198 -0.6942 0.0085
f 349//117 350//117 351//117
v -0.8220 0.3721 1.1186
v -0.7840 0.4114 1.1041
v -0.7048 0.4989 1.5485
vn 0.7198 -0.6942 0.0085
f 352//118 353//118 354//118
v -0.8233 0.4114 1.1111
v -0.7840 0.4114 1.1041
v -0.8220 0.3721 1.1186
vn -0.1722 -0.1904 -0.9665
f 355//119 356//119 357//119
v -0.7442 0.4989 1.5556
v -0.7428 0.4596 1.5631
v -0.7048 0.4989 1.5485
vn 0.1722 0.1904 0.9665
f 358//120 359//120 360//120
v -0.7840 0.4114 1.1041
v -0.7455 0.5382 1.5481
v -0.7048 0.4989 1.5485
vn 0.6725 0.6942 -0.2565
f 361//121 362//121 363//121
v -0.7840 0.4114 1.1041
v -0.8247 0.4506 1.1036
v -0.7455 0.5382 1.5481
vn 0.6725 0.6942 -0.2565
f 364//122 365//122 366//122
v -0.8233 0.4114 1.1111
v -0.8247 0.4506 1.1036
v -0.7840 0.4114 1.1041
vn -0.1722 -0.1904 -0.9665
f 367//123 368//123 369//123
v -0.7442 0.4989 1.5556
v -0.7048 0.4989 1.5485
v -0.7455 0.5382 1.5481
vn 0.1722 0.1904 0.9665
f 370//124 371//124 372//124
v -0.8247 0.4506 1.1036
v -0.7835 0.4989 1.5626
v -0.7455 0.5382 1.5481
vn -0.7198 0.6942 -0.0085
f 373//125 374//125 375//125
v -0.8247 0.4506 1.1036
v -0.8627 0.4114 1.1181
v -0.7835 0.4989 1.5626
vn -0.7198 0.6942 -0.0085
f 376//126 377//126 378//126
v -0.8233 0.4114 1.1111
v -0.8627 0.4114 1.1181
v -0.8247 0.4506 1.1036
vn -0.1722 -0.1904 -0.9665
f 379//127 380//127 381//127
v -0.7442 0.4989 1.5556
v -0.7455 0.5382 1.5481
v -0.7835 0.4989 1.5626
vn 0.1722 0.1904 0.9665
f 382//128 383//128 384//128
v -0.7835 0.4989 1.5626
v -0.6630 0.5916 2.0110
v -0.7044 0.6300 2.0070
vn -0.6616 -0.6791 0.3181
f 385//129 386//129 387//129
v -0.7835 0.4989 1.5626
v -0.7422 0.4605 1.5665
v -0.6630 0.5916 2.0110
vn -0.6616 -0.6791 0.3181
f 388//130 389//130 390//130
v -0.7442 0.4989 1.5556
v -0.7422 0.4605 1.5665
v -0.7835 0.4989 1.5626
vn -0.1684 -0.2789 -0.9455
f 391//131 392//131 393//131
v -0.6650 0.6300 2.0000
v -0.7044 0.6300 2.0070
v -0.6630 0.5916 2.0110
vn 0.1684 0.2789 0.9455
f 394//132 395//132 396//132
v -0.7422 0.4605 1.5665
v -0.6256 0.6300 1.9930
v -0.6630 0.5916 2.0110
vn 0.7307 -0.6791 0.0701
f 397//133 398//133 399//133
v -0.7422 0.4605 1.5665
v -0.7048 0.4989 1.5485
v -0.6256 0.6300 1.9930
vn 0.7307 -0.6791 0.0701
f 400//134 401//134 402//134
v -0.7442 0.4989 1.5556
v -0.7048 0.4989 1.5485
v -0.7422 0.4605 1.5665
vn -0.1684 -0.2789 -0.9455
f 403//135 404//135 405//135
v -0.6650 0.6300 2.0000
v -0.6630 0.5916 2.0110
v -0.6256 0.6300 1.9930
vn 0.1684 0.2789 0.9455
f 406//136 407//136 408//136
v -0.7048 0.4989 1.5485
v -0.6670 0.6684 1.9890
v -0.6256 0.6300 1.9930
vn 0.6616 0.6791 -0.3181
f 409//137 410//137 411//137
v -0.7048 0.4989 1.5485
v -0.7461 0.5373 1.5446
v -0.6670 0.6684 1.9890
vn 0.6616 0.6791 -0.3181
f 412//138 413//138 414//138
v -0.7442 0.4989 1.5556
v -0.7461 0.5373 1.5446
v -0.7048 0.4989 1.5485
vn -0.1684 -0.2789 -0.9455
f 415//139 416//139 417//139
v -0.6650 0.6300 2.0000
v -0.6256 0.6300 1.9930
v -0.6670 0.6684 1.9890
vn 0.1684 0.2789 0.9455
f 418//140 419//140 420//140
v -0.7461 0.5373 1.5446
v -0.7044 0.6300 2.0070
v -0.6670 0.6684 1.9890
vn -0.7307 0.6791 -0.0701
f 421//141 422//141 423//141
v -0.7461 0.5373 1.5446
v -0.7835 0.4989 1.5626
v -0.7044 0.6300 2.0070
vn -0.7307 0.6791 -0.0701
f 424//142 425//142 426//142
v -0.7442 0.4989 1.5556
v -0.7835 0.4989 1.5626
v -0.7461 0.5373 1.5446
vn -0.1684 -0.2789 -0.9455
f 427//143 428//143 429//143
v -0.6650 0.6300 2.0000
v -0.6670 0.6684 1.9890
v -0.7044 0.6300 2.0070
vn 0.1684 0.2789 0.9455
f 430//144 431//144 432//144
v -0.0038 0.5800 -1.9763
v 0.3506 0.4513 -1.5607
v 0.3221 0.4908 -1.5319
vn -0.6371 -0.6980 0.3269
f 433//145 434//145 435//145
v -0.0038 0.5800 -1.9763
v 0.0247 0.5405 -2.0052
v 0.3506 0.4513 -1.5607
vn -0.6371 -0.6980 0.3269
f 436//146 437//146 438//146
v 0.0285 0.5800 -2.0000
v 0.0247 0.5405 -2.0052
v -0.0038 0.5800 -1.9763
vn -0.5837 0.1599 -0.7961
f 439//147 440//147 441//147
v 0.3544 0.4908 -1.5556
v 0.3221 0.4908 -1.5319
v 0.3506 0.4513 -1.5607
vn 0.5837 -0.1599 0.7961
f 442//148 443//148 444//148
v 0.0247 0.5405 -2.0052
v 0.3866 0.4908 -1.5792
v 0.3506 0.4513 -1.5607
vn 0.5034 -0.6980 -0.5093
f 445//149 446//149 447//149
v 0.0247 0.5405 -2.0052
v 0.0608 0.5800 -2.0237
v 0.3866 0.4908 -1.5792
vn 0.5034 -0.6980 -0.5093
f 448//150 449//150 450//150
v 0.0285 0.5800 -2.0000
v 0.0608 0.5800 -2.0237
v 0.0247 0.5405 -2.0052
vn -0.5837 0.1599 -0.7961
f 451//151 452//151 453//151
v 0.3544 0.4908 -1.5556
v 0.3506 0.4513 -1.5607
v 0.3866 0.4908 -1.5792
vn 0.5837 -0.1599 0.7961
f 454//152 455//152 456//152
v 0.0608 0.5800 -2.0237
v 0.3581 0.5302 -1.5504
v 0.3866 0.4908 -1.5792
vn 0.6371 0.6980 -0.3269
f 457//153 458//153 459//153
v 0.0608 0.5800 -2.0237
v 0.0323 0.6195 -1.9948
v 0.3581 0.5302 -1.5504
vn 0.6371 0.6980 -0.3269
f 460//154 461//154 462//154
v 0.0285 0.5800 -2.0000
v 0.0323 0.6195 -1.9948
v 0.0608 0.5800 -2.0237
vn -0.5837 0.1599 -0.7961
f 463//155 464//155 465//155
v 0.3544 0.4908 -1.5556
v 0.3866 0.4908 -1.5792
v 0.3581 0.5302 -1.5504
vn 0.5837 -0.1599 0.7961
f 466//156 467//156 468//156
v 0.0323 0.6195 -1.9948
v 0.3221 0.4908 -1.5319
v 0.3581 0.5302 -1.5504
vn -0.5034 0.6980 0.5093
f 469//157 470//157 471//157
v 0.0323 0.6195 -1.9948
v -0.0038 0.5800 -1.9763
v 0.3221 0.4908 -1.5319
vn -0.5034 0.6980 0.5093
f 472//158 473//158 474//158
v 0.0285 0.5800 -2.0000
v -0.0038 0.5800 -1.9763
v 0.0323 0.6195 -1.9948
vn -0.5837 0.1599 -0.7961
f 475//159 476//159 477//159
v 0.3544 0.4908 -1.5556
v 0.3581 0.5302 -1.5504
v 0.3221 0.4908 -1.5319
vn 0.5837 -0.1599 0.7961
f 478//160 479//160 480//160
v 0.3186 0.4908 -1.5377
v 0.5732 0.3824 -1.1160
v 0.5399 0.4220 -1.0933
vn -0.6762 -0.7004 0.2284
f 481//161 482//161 483//161
v 0.3186 0.4908 -1.5377
v 0.3519 0.4511 -1.5605
v 0.5732 0.3824 -1.1160
vn -0.6762 -0.7004 0.2284
f 484//162 485//162 486//162
v 0.3544 0.4908 -1.5556
v 0.3519 0.4511 -1.5605
v 0.3186 0.4908 -1.5377
vn -0.4415 0.1372 -0.8867
f 487//163 488//163 489//163
v 0.5757 0.4220 -1.1111
v 0.5399 0.4220 -1.0933
v 0.5732 0.3824 -1.1160
vn 0.4415 -0.1372 0.8867
f 490//164 491//164 492//164
v 0.3519 0.4511 -1.5605
v 0.6115 0.4220 -1.1289
v 0.5732 0.3824 -1.1160
vn 0.5897 -0.7004 -0.4020
f 493//165 494//165 495//165
v 0.3519 0.4511 -1.5605
v 0.3902 0.4908 -1.5734
v 0.6115 0.4220 -1.1289
vn 0.5897 -0.7004 -0.4020
f 496//166 497//166 498//166
v 0.3544 0.4908 -1.5556
v 0.3902 0.4908 -1.5734
v 0.3519 0.4511 -1.5605
vn -0.4415 0.1372 -0.8867
f 499//167 500//167 501//167
v 0.5757 0.4220 -1.1111
v 0.5732 0.3824 -1.1160
v 0.6115 0.4220 -1.1289
vn 0.4415 -0.1372 0.8867
f 502//168 503//168 504//168
v 0.3902 0.4908 -1.5734
v 0.5781 0.4616 -1.1062
v 0.6115 0.4220 -1.1289
vn 0.6762 0.7004 -0.2284
f 505//169 506//169 507//169
v 0.3902 0.4908 -1.5734
v 0.3568 0.5304 -1.5506
v 0.5781 0.4616 -1.1062
vn 0.6762 0.7004 -0.2284
f 508//170 509//170 510//170
v 0.3544 0.4908 -1.5556
v 0.3568 0.5304 -1.5506
v 0.3902 0.4908 -1.5734
vn -0.4415 0.1372 -0.8867
f 511//171 512//171 513//171
v 0.5757 0.4220 -1.1111
v 0.6115 0.4220 -1.1289
v 0.5781 0.4616 -1.1062
vn 0.4415 -0.1372 0.8867
f 514//172 515//172 516//172
v 0.3568 0.5304 -1.5506
v 0.5399 0.4220 -1.0933
v 0.5781 0.4616 -1.1062
vn -0.5897 0.7004 0.4020
f 517//173 518//173 519//173
v 0.3568 0.5304 -1.5506
v 0.3186 0.4908 -1.5377
v 0.5399 0.4220 -1.0933
vn -0.5897 0.7004 0.4020
f 520//174 521//174 522//174
v 0.3544 0.4908 -1.5556
v 0.3186 0.4908 -1.5377
v 0.3568 0.5304 -1.5506
vn -0.4415 0.1372 -0.8867
f 523//175 524//175 525//175
v 0.5757 0.4220 -1.1111
v 0.5781 0.4616 -1.1062
v 0.5399 0.4220 -1.0933
vn 0.4415 -0.1372 0.8867
f 526//176 527//176 528//176
v 0.5389 0.4220 -1.0955
v 0.7630 0.3334 -0.6704
v 0.7278 0.3732 -0.6510
vn -0.6786 -0.7035 0.2112
f 529//177 530//177 531//177
v 0.5389 0.4220 -1.0955
v 0.5741 0.3822 -1.1148
v 0.7630 0.3334 -0.6704
vn -0.6786 -0.7035 0.2112
f 532//178 533//178 534//178
v 0.5757 0.4220 -1.1111
v 0.5741 0.3822 -1.1148
v 0.5389 0.4220 -1.0955
vn -0.3892 0.1005 -0.9156
f 535//179 536//179 537//179
v 0.7646 0.3732 -0.6667
v 0.7278 0.3732 -0.6510
v 0.7630 0.3334 -0.6704
vn 0.3892 -0.1005 0.9156
f 538//180 539//180 540//180
v 0.5741 0.3822 -1.1148
v 0.8014 0.3732 -0.6823
v 0.7630 0.3334 -0.6704
vn 0.6229 -0.7035 -0.3421
f 541//181 542//181 543//181
v 0.5741 0.3822 -1.1148
v 0.6125 0.4220 -1.1268
v 0.8014 0.3732 -0.6823
vn 0.6229 -0.7035 -0.3421
f 544//182 545//182 546//182
v 0.5757 0.4220 -1.1111
v 0.6125 0.4220 -1.1268
v 0.5741 0.3822 -1.1148
vn -0.3892 0.1005 -0.9156
f 547//183 548//183 549//183
v 0.7646 0.3732 -0.6667
v 0.7630 0.3334 -0.6704
v 0.8014 0.3732 -0.6823
vn 0.3892 -0.1005 0.9156
f 550//184 551//184 552//184
v 0.6125 0.4220 -1.1268
v 0.7662 0.4130 -0.6630
v 0.8014 0.3732 -0.6823
vn 0.6786 0.7035 -0.2112
f 553//185 554//185 555//185
v 0.6125 0.4220 -1.1268
v 0.5772 0.4618 -1.1074
v 0.7662 0.4130 -0.6630
vn 0.6786 0.7035 -0.2112
f 556//186 557//186 558//186
v 0.5757 0.4220 -1.1111
v 0.5772 0.4618 -1.1074
v 0.6125 0.4220 -1.1268
vn -0.3892 0.1005 -0.9156
f 559//187 560//187 561//187
v 0.7646 0.3732 -0.6667
v 0.8014 0.3732 -0.6823
v 0.7662 0.4130 -0.6630
vn 0.3892 -0.1005 0.9156
f 562//188 563//188 564//188
v 0.5772 0.4618 -1.1074
v 0.7278 0.3732 -0.6510
v 0.7662 0.4130 -0.6630
vn -0.6229 0.7035 0.3421
f 565//189 566//189 567//189
v 0.5772 0.4618 -1.1074
v 0.5389 0.4220 -1.0955
v 0.7278 0.3732 -0.6510
vn -0.6229 0.7035 0.3421
f 568//190 569//190 570//190
v 0.5757 0.4220 -1.1111
v 0.5389 0.4220 -1.0955
v 0.5772 0.4618 -1.1074
vn -0.3892 0.1005 -0.9156
f 571//191 572//191 573//191
v 0.7646 0.3732 -0.6667
v 0.7662 0.4130 -0.6630
v 0.7278 0.3732 -0.6510
vn 0.3892 -0.1005 0.9156
f 574//192 575//192 576//192
v 0.7273 0.3732 -0.6523
v 0.9343 0.3052 -0.2244
v 0.8978 0.3451 -0.2079
vn -0.6751 -0.7059 0.2144
f 577//193 578//193 579//193
v 0.7273 0.3732 -0.6523
v 0.7638 0.3333 -0.6689
v 0.9343 0.3052 -0.2244
vn -0.6751 -0.7059 0.2144
f 580//194 581//194 582//194
v 0.7646 0.3732 -0.6667
v 0.7638 0.3333 -0.6689
v 0.7273 0.3732 -0.6523
vn -0.3577 0.0590 -0.9320
f 583//195 584//195 585//195
v 0.9352 0.3451 -0.2222
v 0.8978 0.3451 -0.2079
v 0.9343 0.3052 -0.2244
vn 0.3577 -0.0590 0.9320
f 586//196 587//196 588//196
v 0.7638 0.3333 -0.6689
v 0.9725 0.3451 -0.2366
v 0.9343 0.3052 -0.2244
vn 0.6452 -0.7059 -0.2923
f 589//197 590//197 591//197
v 0.7638 0.3333 -0.6689
v 0.8019 0.3732 -0.6810
v 0.9725 0.3451 -0.2366
vn 0.6452 -0.7059 -0.2923
f 592//198 593//198 594//198
v 0.7646 0.3732 -0.6667
v 0.8019 0.3732 -0.6810
v 0.7638 0.3333 -0.6689
vn -0.3577 0.0590 -0.9320
f 595//199 596//199 597//199
v 0.9352 0.3451 -0.2222
v 0.9343 0.3052 -0.2244
v 0.9725 0.3451 -0.2366
vn 0.3577 -0.0590 0.9320
f 598//200 599//200 600//200
v 0.8019 0.3732 -0.6810
v 0.9360 0.3850 -0.2200
v 0.9725 0.3451 -0.2366
vn 0.6751 0.7059 -0.2144
f 601//201 602//201 603//201
v 0.8019 0.3732 -0.6810
v 0.7654 0.4131 -0.6645
v 0.9360 0.3850 -0.2200
vn 0.6751 0.7059 -0.2144
f 604//202 605//202 606//202
v 0.7646 0.3732 -0.6667
v 0.7654 0.4131 -0.6645
v 0.8019 0.3732 -0.6810
vn -0.3577 0.0590 -0.9320
f 607//203 608//203 609//203
v 0.9352 0.3451 -0.2222
v 0.9725 0.3451 -0.2366
v 0.9360 0.3850 -0.2200
vn 0.3577 -0.0590 0.9320
f 610//204 611//204 612//204
v 0.7654 0.4131 -0.6645
v 0.8978 0.3451 -0.2079
v 0.9360 0.3850 -0.2200
vn -0.6452 0.7059 0.2923
f 613//205 614//205 615//205
v 0.7654 0.4131 -0.6645
v 0.7273 0.3732 -0.6523
v 0.8978 0.3451 -0.2079
vn -0.6452 0.7059 0.2923
f 616//206 617//206 618//206
v 0.7646 0.3732 -0.6667
v 0.7273 0.3732 -0.6523
v 0.7654 0.4131 -0.6645
vn -0.3577 0.0590 -0.9320
f 619//207 620//207 621//207
v 0.9352 0.3451 -0.2222
v 0.9360 0.3850 -0.2200
v 0.8978 0.3451 -0.2079
vn 0.3577 -0.0590 0.9320
f 622//208 623//208 624//208
v 0.8952 0.3451 -0.2209
v 0.9500 0.2997 0.2217
v 0.9100 0.3397 0.2236
vn -0.7070 -0.7071 0.0150
f 625//209 626//209 627//209
v 0.8952 0.3451 -0.2209
v 0.9352 0.3051 -0.2227
v 0.9500 0.2997 0.2217
vn -0.7070 -0.7071 0.0150
f 628//210 629//210 630//210
v 0.9352 0.3451 -0.2222
v 0.9352 0.3051 -0.2227
v 0.8952 0.3451 -0.2209
vn -0.0333 0.0122 -0.9994
f 631//211 632//211 633//211
v 0.9500 0.3397 0.2222
v 0.9100 0.3397 0.2236
v 0.9500 0.2997 0.2217
vn 0.0333 -0.0122 0.9994
f 634//212 635//212 636//212
v 0.9352 0.3051 -0.2227
v 0.9900 0.3397 0.2209
v 0.9500 0.2997 0.2217
vn 0.7064 -0.7071 -0.0322
f 637//213 638//213 639//213
v 0.9352 0.3051 -0.2227
v 0.9752 0.3451 -0.2236
v 0.9900 0.3397 0.2209
vn 0.7064 -0.7071 -0.0322
f 640//214 641//214 642//214
v 0.9352 0.3451 -0.2222
v 0.9752 0.3451 -0.2236
v 0.9352 0.3051 -0.2227
vn -0.0333 0.0122 -0.9994
f 643//215 644//215 645//215
v 0.9500 0.3397 0.2222
v 0.9500 0.2997 0.2217
v 0.9900 0.3397 0.2209
vn 0.0333 -0.0122 0.9994
f 646//216 647//216 648//216
v 0.9752 0.3451 -0.2236
v 0.9500 0.3797 0.2227
v 0.9900 0.3397 0.2209
vn 0.7070 0.7071 -0.0150
f 649//217 650//217 651//217
v 0.9752 0.3451 -0.2236
v 0.9352 0.3851 -0.2217
v 0.9500 0.3797 0.2227
vn 0.7070 0.7071 -0.0150
f 652//218 653//218 654//218
v 0.9352 0.3451 -0.2222
v 0.9352 0.3851 -0.2217
v 0.9752 0.3451 -0.2236
vn -0.0333 0.0122 -0.9994
f 655//219 656//219 657//219
v 0.9500 0.3397 0.2222
v 0.9900 0.3397 0.2209
v 0.9500 0.3797 0.2227
vn 0.0333 -0.0122 0.9994
f 658//220 659//220 660//220
v 0.9352 0.3851 -0.2217
v 0.9100 0.3397 0.2236
v 0.9500 0.3797 0.2227
vn -0.7064 0.7071 0.0322
f 661//221 662//221 663//221
v 0.9352 0.3851 -0.2217
v 0.8952 0.3451 -0.2209
v 0.9100 0.3397 0.2236
vn -0.7064 0.7071 0.0322
f 664//222 665//222 666//222
v 0.9352 0.3451 -0.2222
v 0.8952 0.3451 -0.2209
v 0.9352 0.3851 -0.2217
vn -0.0333 0.0122 -0.9994
f 667//223 668//223 669//223
v 0.9500 0.3397 0.2222
v 0.9500 0.3797 0.2227
v 0.9100 0.3397 0.2236
vn 0.0333 -0.0122 0.9994
f 670//224 671//224 672//224
v 0.9102 0.3397 0.2180
v 0.9023 0.3203 0.6685
v 0.8627 0.3602 0.6624
vn -0.7066 -0.7064 -0.0428
f 673//225 674//225 675//225
v 0.9102 0.3397 0.2180
v 0.9498 0.2997 0.2241
v 0.9023 0.3203 0.6685
vn -0.7066 -0.7064 -0.0428
f 676//226 677//226 678//226
v 0.9500 0.3397 0.2222
v 0.9498 0.2997 0.2241
v 0.9102 0.3397 0.2180
vn 0.1062 -0.0460 -0.9933
f 679//227 680//227 681//227
v 0.9025 0.3602 0.6667
v 0.8627 0.3602 0.6624
v 0.9023 0.3203 0.6685
vn -0.1062 0.0460 0.9933
f 682//228 683//228 684//228
v 0.9498 0.2997 0.2241
v 0.9423 0.3602 0.6709
v 0.9023 0.3203 0.6685
vn 0.6996 -0.7064 0.1075
f 685//229 686//229 687//229
v 0.9498 0.2997 0.2241
v 0.9898 0.3397 0.2265
v 0.9423 0.3602 0.6709
vn 0.6996 -0.7064 0.1075
f 688//230 689//230 690//230
v 0.9500 0.3397 0.2222
v 0.9898 0.3397 0.2265
v 0.9498 0.2997 0.2241
vn 0.1062 -0.0460 -0.9933
f 691//231 692//231 693//231
v 0.9025 0.3602 0.6667
v 0.9023 0.3203 0.6685
v 0.9423 0.3602 0.6709
vn -0.1062 0.0460 0.9933
f 694//232 695//232 696//232
v 0.9898 0.3397 0.2265
v 0.9027 0.4002 0.6648
v 0.9423 0.3602 0.6709
vn 0.7066 0.7064 0.0428
f 697//233 698//233 699//233
v 0.9898 0.3397 0.2265
v 0.9502 0.3796 0.2204
v 0.9027 0.4002 0.6648
vn 0.7066 0.7064 0.0428
f 700//234 701//234 702//234
v 0.9500 0.3397 0.2222
v 0.9502 0.3796 0.2204
v 0.9898 0.3397 0.2265
vn 0.1062 -0.0460 -0.9933
f 703//235 704//235 705//235
v 0.9025 0.3602 0.6667
v 0.9423 0.3602 0.6709
v 0.9027 0.4002 0.6648
vn -0.1062 0.0460 0.9933
f 706//236 707//236 708//236
v 0.9502 0.3796 0.2204
v 0.8627 0.3602 0.6624
v 0.9027 0.4002 0.6648
vn -0.6996 0.7064 -0.1075
f 709//237 710//237 711//237
v 0.9502 0.3796 0.2204
v 0.9102 0.3397 0.2180
v 0.8627 0.3602 0.6624
vn -0.6996 0.7064 -0.1075
f 712//238 713//238 714//238
v 0.9500 0.3397 0.2222
v 0.9102 0.3397 0.2180
v 0.9502 0.3796 0.2204
vn 0.1062 -0.0460 -0.9933
f 715//239 716//239 717//239
v 0.9025 0.3602 0.6667
v 0.9027 0.4002 0.6648
v 0.8627 0.3602 0.6624
vn -0.1062 0.0460 0.9933
f 718//240 719//240 720//240
v 0.8631 0.3602 0.6597
v 0.8225 0.3716 1.1155
v 0.7840 0.4114 1.1041
vn -0.7101 -0.7026 -0.0457
f 721//241 722//241 723//241
v 0.8631 0.3602 0.6597
v 0.9017 0.3205 0.6711
v 0.8225 0.3716 1.1155
vn -0.7101 -0.7026 -0.0457
f 724//242 725//242 726//242
v 0.9025 0.3602 0.6667
v 0.9017 0.3205 0.6711
v 0.8631 0.3602 0.6597
vn 0.1743 -0.1125 -0.9782
f 727//243 728//243 729//243
v 0.8233 0.4114 1.1111
v 0.7840 0.4114 1.1041
v 0.8225 0.3716 1.1155
vn -0.1743 0.1125 0.9782
f 730//244 731//244 732//244
v 0.9017 0.3205 0.6711
v 0.8627 0.4114 1.1181
v 0.8225 0.3716 1.1155
vn 0.6822 -0.7026 0.2023
f 733//245 734//245 735//245
v 0.9017 0.3205 0.6711
v 0.9419 0.3602 0.6737
v 0.8627 0.4114 1.1181
vn 0.6822 -0.7026 0.2023
f 736//246 737//246 738//246
v 0.9025 0.3602 0.6667
v 0.9419 0.3602 0.6737
v 0.9017 0.3205 0.6711
vn 0.1743 -0.1125 -0.9782
f 739//247 740//247 741//247
v 0.8233 0.4114 1.1111
v 0.8225 0.3716 1.1155
v 0.8627 0.4114 1.1181
vn -0.1743 0.1125 0.9782
f 742//248 743//248 744//248
v 0.9419 0.3602 0.6737
v 0.8241 0.4511 1.1067
v 0.8627 0.4114 1.1181
vn 0.7101 0.7026 0.0457
f 745//249 746//249 747//249
v 0.9419 0.3602 0.6737
v 0.9033 0.4000 0.6622
v 0.8241 0.4511 1.1067
vn 0.7101 0.7026 0.0457
f 748//250 749//250 750//250
v 0.9025 0.3602 0.6667
v 0.9033 0.4000 0.6622
v 0.9419 0.3602 0.6737
vn 0.1743 -0.1125 -0.9782
f 751//251 752//251 753//251
v 0.8233 0.4114 1.1111
v 0.8627 0.4114 1.1181
v 0.8241 0.4511 1.1067
vn -0.1743 0.1125 0.9782
f 754//252 755//252 756//252
v 0.9033 0.4000 0.6622
v 0.7840 0.4114 1.1041
v 0.8241 0.4511 1.1067
vn -0.6822 0.7026 -0.2023
f 757//253 758//253 759//253
v 0.9033 0.4000 0.6622
v 0.8631 0.3602 0.6597
v 0.7840 0.4114 1.1041
vn -0.6822 0.7026 -0.2023
f 760//254 761//254 762//254
v 0.9025 0.3602 0.6667
v 0.8631 0.3602 0.6597
v 0.9033 0.4000 0.6622
vn 0.1743 -0.1125 -0.9782
f 763//255 764//255 765//255
v 0.8233 0.4114 1.1111
v 0.8241 0.4511 1.1067
v 0.7840 0.4114 1.1041
vn -0.1743 0.1125 0.9782
f 766//256 767//256 768//256
v 0.7840 0.4114 1.1041
v 0.7428 0.4596 1.5631
v 0.7048 0.4989 1.5485
vn -0.7198 -0.6942 0.0085
f 769//257 770//257 771//257
v 0.7840 0.4114 1.1041
v 0.8220 0.3721 1.1186
v 0.7428 0.4596 1.5631
vn -0.7198 -0.6942 0.0085
f 772//258 773//258 774//258
v 0.8233 0.4114 1.1111
v 0.8220 0.3721 1.1186
v 0.7840 0.4114 1.1041
vn 0.1722 -0.1904 -0.9665
f 775//259 776//259 777//259
v 0.7442 0.4989 1.5556
v 0.7048 0.4989 1.5485
v 0.7428 0.4596 1.5631
vn -0.1722 0.1904 0.9665
f 778//260 779//260 780//260
v 0.8220 0.3721 1.1186
v 0.7835 0.4989 1.5626
v 0.7428 0.4596 1.5631
vn 0.6725 -0.6942 0.2565
f 781//261 782//261 783//261
v 0.8220 0.3721 1.1186
v 0.8627 0.4114 1.1181
v 0.7835 0.4989 1.5626
vn 0.6725 -0.6942 0.2565
f 784//262 785//262 786//262
v 0.8233 0.4114 1.1111
v 0.8627 0.4114 1.1181
v 0.8220 0.3721 1.1186
vn 0.1722 -0.1904 -0.9665
f 787//263 788//263 789//263
v 0.7442 0.4989 1.5556
v 0.7428 0.4596 1.5631
v 0.7835 0.4989 1.5626
vn -0.1722 0.1904 0.9665
f 790//264 791//264 792//264
v 0.8627 0.4114 1.1181
v 0.7455 0.5382 1.5481
v 0.7835 0.4989 1.5626
vn 0.7198 0.6942 -0.0085
f 793//265 794//265 795//265
v 0.8627 0.4114 1.1181
v 0.8247 0.4506 1.1036
v 0.7455 0.5382 1.5481
vn 0.7198 0.6942 -0.0085
f 796//266 797//266 798//266
v 0.8233 0.4114 1.1111
v 0.8247 0.4506 1.1036
v 0.8627 0.4114 1.1181
vn 0.1722 -0.1904 -0.9665
f 799//267 800//267 801//267
v 0.7442 0.4989 1.5556
v 0.7835 0.4989 1.5626
v 0.7455 0.5382 1.5481
vn -0.1722 0.1904 0.9665
f 802//268 803//268 804//268
v 0.8247 0.4506 1.1036
v 0.7048 0.4989 1.5485
v 0.7455 0.5382 1.5481
vn -0.6725 0.6942 -0.2565
f 805//269 806//269 807//269
v 0.8247 0.4506 1.1036
v 0.7840 0.4114 1.1041
v 0.7048 0.4989 1.5485
vn -0.6725 0.6942 -0.2565
f 808//270 809//270 810//270
v 0.8233 0.4114 1.1111
v 0.7840 0.4114 1.1041
v 0.8247 0.4506 1.1036
vn 0.1722 -0.1904 -0.9665
f 811//271 812//271 813//271
v 0.7442 0.4989 1.5556
v 0.7455 0.5382 1.5481
v 0.7048 0.4989 1.5485
vn -0.1722 0.1904 0.9665
f 814//272 815//272 816//272
v 0.7048 0.4989 1.5485
v 0.6630 0.5916 2.0110
v 0.6256 0.6300 1.9930
vn -0.7307 -0.6791 0.0701
f 817//273 818//273 819//273
v 0.7048 0.4989 1.5485
v 0.7422 0.4605 1.5665
v 0.6630 0.5916 2.0110
vn -0.7307 -0.6791 0.0701
f 820//274 821//274 822//274
v 0.7442 0.4989 1.5556
v 0.7422 0.4605 1.5665
v 0.7048 0.4989 1.5485
vn 0.1684 -0.2789 -0.9455
f 823//275 824//275 825//275
v 0.6650 0.6300 2.0000
v 0.6256 0.6300 1.9930
v 0.6630 0.5916 2.0110
vn -0.1684 0.2789 0.9455
f 826//276 827//276 828//276
v 0.7422 0.4605 1.5665
v 0.7044 0.6300 2.0070
v 0.6630 0.5916 2.0110
vn 0.6616 -0.6791 0.3181
f 829//277 830//277 831//277
v 0.7422 0.4605 1.5665
v 0.7835 0.4989 1.5626
v 0.7044 0.6300 2.0070
vn 0.6616 -0.6791 0.3181
f 832//278 833//278 834//278
v 0.7442 0.4989 1.5556
v 0.7835 0.4989 1.5626
v 0.7422 0.4605 1.5665
vn 0.1684 -0.2789 -0.9455
f 835//279 836//279 837//279
v 0.6650 0.6300 2.0000
v 0.6630 0.5916 2.0110
v 0.7044 0.6300 2.0070
vn -0.1684 0.2789 0.9455
f 838//280 839//280 840//280
v 0.7835 0.4989 1.5626
v 0.6670 0.6684 1.9890
v 0.7044 0.6300 2.0070
vn 0.7307 0.6791 -0.0701
f 841//281 842//281 843//281
v 0.7835 0.4989 1.5626
v 0.7461 0.5373 1.5446
v 0.6670 0.6684 1.9890
vn 0.7307 0.6791 -0.0701
f 844//282 845//282 846//282
v 0.7442 0.4989 1.5556
v 0.7461 0.5373 1.5446
v 0.7835 0.4989 1.5626
vn 0.1684 -0.2789 -0.9455
f 847//283 848//283 849//283
v 0.6650 0.6300 2.0000
v 0.7044 0.6300 2.0070
v 0.6670 0.6684 1.9890
vn -0.1684 0.2789 0.9455
f 850//284 851//284 852//284
v 0.7461 0.5373 1.5446
v 0.6256 0.6300 1.9930
v 0.6670 0.6684 1.9890
vn -0.6616 0.6791 -0.3181
f 853//285 854//285 855//285
v 0.7461 0.5373 1.5446
v 0.7048 0.4989 1.5485
v 0.6256 0.6300 1.9930
vn -0.6616 0.6791 -0.3181
f 856//286 857//286 858//286
v 0.7442 0.4989 1.5556
v 0.7048 0.4989 1.5485
v 0.7461 0.5373 1.5446
vn 0.1684 -0.2789 -0.9455
f 859//287 860//287 861//287
v 0.6650 0.6300 2.0000
v 0.6670 0.6684 1.9890
v 0.6256 0.6300 1.9930
vn -0.1684 0.2789 0.9455
f 862//288 863//288 864//288
v -0.5250 0.7500 0.9250
v -0.5250 0.7500 1.7750
v -0.5250 0.8100 1.7750
vn -1.0000 0.0000 0.0000
f 865//289 866//289 867//289
v -0.5250 0.7500 0.9250
v -0.5250 0.8100 1.7750
v -0.5250 0.8100 0.9250
vn -1.0000 0.0000 0.0000
f 868//290 869//290 870//290
v 0.5250 0.7500 0.9250
v 0.5250 0.8100 1.7750
v 0.5250 0.7500 1.7750
vn 1.0000 0.0000 0.0000
f 871//291 872//291 873//291
v 0.5250 0.7500 0.9250
v 0.5250 0.8100 0.9250
v 0.5250 0.8100 1.7750
vn 1.0000 0.0000 0.0000
f 874//292 875//292 876//292
v -0.5250 0.7500 0.9250
v 0.5250 0.7500 1.7750
v -0.5250 0.7500 1.7750
vn 0.0000 -1.0000 0.0000
f 877//293 878//293 879//293
v -0.5250 0.7500 0.9250
v 0.5250 0.7500 0.9250
v 0.5250 0.7500 1.7750
vn 0.0000 -1.0000 0.0000
f 880//294 881//294 882//294
v -0.5250 0.8100 0.9250
v -0.5250 0.8100 1.7750
v 0.5250 0.8100 1.7750
vn 0.0000 1.0000 0.0000
f 883//295 884//295 885//295
v -0.5250 0.8100 0.9250
v 0.5250 0.8100 1.7750
v 0.5250 0.8100 0.9250
vn 0.0000 1.0000 0.0000
f 886//296 887//296 888//296
v -0.5250 0.7500 0.9250
v -0.5250 0.8100 0.9250
v 0.5250 0.8100 0.9250
vn 0.0000 0.0000 -1.0000
f 889//297 890//297 891//297
v -0.5250 0.7500 0.9250
v 0.5250 0.8100 0.9250
v 0.5250 0.7500 0.9250
vn 0.0000 0.0000 -1.0000
f 892//298 893//298 894//298
v -0.5250 0.7500 1.7750
v 0.5250 0.8100 1.7750
v -0.5250 0.8100 1.7750
vn 0.0000 0.0000 1.0000
f 895//299 896//299 897//299
v -0.5250 0.7500 1.7750
v 0.5250 0.7500 1.7750
v 0.5250 0.8100 1.7750
vn 0.0000 0.0000 1.0000
f 898//300 899//300 900//300
v -0.7000 1.7500 -0.2150
v 0.7000 1.7150 -0.2500
v 0.7000 1.7500 -0.2150
vn 0.0000 -0.7071 0.7071
f 901//301 902//301 903//301
v -0.7000 1.7500 -0.2150
v -0.7000 1.7150 -0.2500
v 0.7000 1.7150 -0.2500
vn 0.0000 -0.7071 0.7071
f 904//302 905//302 906//302
v -0.7000 1.7500 -0.2500
v -0.7000 1.7150 -0.2500
v -0.7000 1.7500 -0.2150
vn -1.0000 0.0000 0.0000
f 907//303 908//303 909//303
v 0.7000 1.7500 -0.2500
v 0.7000 1.7500 -0.2150
v 0.7000 1.7150 -0.2500
vn 1.0000 0.0000 -0.0000
f 910//304 911//304 912//304
v -0.7000 1.7150 -0.2500
v 0.7000 1.7500 -0.2850
v 0.7000 1.7150 -0.2500
vn 0.0000 -0.7071 -0.7071
f 913//305 914//305 915//305
v -0.7000 1.7150 -0.2500
v -0.7000 1.7500 -0.2850
v 0.7000 1.7500 -0.2850
vn 0.0000 -0.7071 -0.7071
f 916//306 917//306 918//306
v -0.7000 1.7500 -0.2500
v -0.7000 1.7500 -0.2850
v -0.7000 1.7150 -0.2500
vn -1.0000 -0.0000 -0.0000
f 919//307 920//307 921//307
v 0.7000 1.7500 -0.2500
v 0.7000 1.7150 -0.2500
v 0.7000 1.7500 -0.2850
vn 1.0000 0.0000 0.0000
f 922//308 923//308 924//308
v -0.7000 1.7500 -0.2850
v 0.7000 1.7850 -0.2500
v 0.7000 1.7500 -0.2850
vn 0.0000 0.7071 -0.7071
f 925//309 926//309 927//309
v -0.7000 1.7500 -0.2850
v -0.7000 1.7850 -0.2500
v 0.7000 1.7850 -0.2500
vn 0.0000 0.7071 -0.7071
f 928//310 929//310 930//310
v -0.7000 1.7500 -0.2500
v -0.7000 1.7850 -0.2500
v -0.7000 1.7500 -0.2850
vn -1.0000 0.0000 0.0000
f 931//311 932//311 933//311
v 0.7000 1.7500 -0.2500
v 0.7000 1.7500 -0.2850
v 0.7000 1.7850 -0.2500
vn 1.0000 -0.0000 0.0000
f 934//312 935//312 936//312
v -0.7000 1.7850 -0.2500
v 0.7000 1.7500 -0.2150
v 0.7000 1.7850 -0.2500
vn -0.0000 0.7071 0.7071
f 937//313 938//313 939//313
v -0.7000 1.7850 -0.2500
v -0.7000 1.7500 -0.2150
v 0.7000 1.7500 -0.2150
vn 0.0000 0.7071 0.7071
f 940//314 941//314 942//314
v -0.7000 1.7500 -0.2500
v -0.7000 1.7500 -0.2150
v -0.7000 1.7850 -0.2500
vn -1.0000 0.0000 0.0000
f 943//315 944//315 945//315
v 0.7000 1.7500 -0.2500
v 0.7000 1.7850 -0.2500
v 0.7000 1.7500 -0.2150
vn 1.0000 0.0000 0.0000
f 946//316 947//316 948//316
v 0.0900 0.4200 -1.7500
v 0.0000 0.3301 -1.7455
v 0.0000 0.4000 -2.1500
vn 0.6983 -0.7053 -0.1219
f 949//317 950//317 951//317
v 0.0000 0.4200 -1.7500
v 0.0000 0.3301 -1.7455
v 0.0900 0.4200 -1.7500
vn -0.0000 0.0499 0.9988
f 952//318 953//318 954//318
v 0.0000 0.3301 -1.7455
v -0.0900 0.4200 -1.7500
v 0.0000 0.4000 -2.1500
vn -0.6983 -0.7053 -0.1219
f 955//319 956//319 957//319
v 0.0000 0.4200 -1.7500
v -0.0900 0.4200 -1.7500
v 0.0000 0.3301 -1.7455
vn 0.0000 0.0499 0.9988
f 958//320 959//320 960//320
v -0.0900 0.4200 -1.7500
v -0.0000 0.5099 -1.7545
v 0.0000 0.4000 -2.1500
vn -0.6983 0.6896 -0.1916
f 961//321 962//321 963//321
v 0.0000 0.4200 -1.7500
v -0.0000 0.5099 -1.7545
v -0.0900 0.4200 -1.7500
vn 0.0000 0.0499 0.9988
f 964//322 965//322 966//322
v -0.0000 0.5099 -1.7545
v 0.0900 0.4200 -1.7500
v 0.0000 0.4000 -2.1500
vn 0.6983 0.6896 -0.1916
f 967//323 968//323 969//323
v 0.0000 0.4200 -1.7500
v 0.0900 0.4200 -1.7500
v -0.0000 0.5099 -1.7545
vn -0.0000 0.0499 0.9988
f 970//324 971//324 972//324
v -0.7285 0.4200 0.1224
v -1.2377 0.4240 -0.2310
v -1.2144 0.4589 -0.2572
vn 0.4003 -0.7057 -0.5846
f 973//325 974//325 975//325
v -0.7285 0.4200 0.1224
v -0.7517 0.3851 0.1486
v -1.2377 0.4240 -0.2310
vn 0.4003 -0.7057 -0.5846
f 976//326 977//326 978//326
v -0.7500 0.4200 0.1500
v -0.7517 0.3851 0.1486
v -0.7285 0.4200 0.1224
vn 0.7864 -0.0629 0.6144
f 979//327 980//327 981//327
v -1.2359 0.4589 -0.2297
v -1.2144 0.4589 -0.2572
v -1.2377 0.4240 -0.2310
vn -0.7864 0.0629 -0.6144
f 982//328 983//328 984//328
v -0.7517 0.3851 0.1486
v -1.2575 0.4589 -0.2021
v -1.2377 0.4240 -0.2310
vn -0.4704 -0.7057 0.5298
f 985//329 986//329 987//329
v -0.7517 0.3851 0.1486
v -0.7715 0.4200 0.1776
v -1.2575 0.4589 -0.2021
vn -0.4704 -0.7057 0.5298
f 988//330 989//330 990//330
v -0.7500 0.4200 0.1500
v -0.7715 0.4200 0.1776
v -0.7517 0.3851 0.1486
vn 0.7864 -0.0629 0.6144
f 991//331 992//331 993//331
v -1.2359 0.4589 -0.2297
v -1.2377 0.4240 -0.2310
v -1.2575 0.4589 -0.2021
vn -0.7864 0.0629 -0.6144
f 994//332 995//332 996//332
v -0.7715 0.4200 0.1776
v -1.2342 0.4938 -0.2283
v -1.2575 0.4589 -0.2021
vn -0.4003 0.7057 0.5846
f 997//333 998//333 999//333
v -0.7715 0.4200 0.1776
v -0.7483 0.4549 0.1514
v -1.2342 0.4938 -0.2283
vn -0.4003 0.7057 0.5846
f 1000//334 1001//334 1002//334
v -0.7500 0.4200 0.1500
v -0.7483 0.4549 0.1514
v -0.7715 0.4200 0.1776
vn 0.7864 -0.0629 0.6144
f 1003//335 1004//335 1005//335
v -1.2359 0.4589 -0.2297
v -1.2575 0.4589 -0.2021
v -1.2342 0.4938 -0.2283
vn -0.7864 0.0629 -0.6144
f 1006//336 1007//336 1008//336
v -0.7483 0.4549 0.1514
v -1.2144 0.4589 -0.2572
v -1.2342 0.4938 -0.2283
vn 0.4704 0.7057 -0.5298
f 1009//337 1010//337 1011//337
v -0.7483 0.4549 0.1514
v -0.7285 0.4200 0.1224
v -1.2144 0.4589 -0.2572
vn 0.4704 0.7057 -0.5298
f 1012//338 1013//338 1014//338
v -0.7500 0.4200 0.1500
v -0.7285 0.4200 0.1224
v -0.7483 0.4549 0.1514
vn 0.7864 -0.0629 0.6144
f 1015//339 1016//339 1017//339
v -1.2359 0.4589 -0.2297
v -1.2342 0.4938 -0.2283
v -1.2144 0.4589 -0.2572
vn -0.7864 0.0629 -0.6144
f 1018//340 1019//340 1020//340
v -1.2144 0.4589 -0.2572
v -1.7270 0.5412 -0.6133
v -1.7003 0.5756 -0.6369
vn 0.3318 -0.6948 -0.6381
f 1021//341 1022//341 1023//341
v -1.2144 0.4589 -0.2572
v -1.2411 0.4245 -0.2337
v -1.7270 0.5412 -0.6133
vn 0.3318 -0.6948 -0.6381
f 1024//342 1025//342 1026//342
v -1.2359 0.4589 -0.2297
v -1.2411 0.4245 -0.2337
v -1.2144 0.4589 -0.2572
vn 0.7743 -0.1859 0.6049
f 1027//343 1028//343 1029//343
v -1.7219 0.5756 -0.6093
v -1.7003 0.5756 -0.6369
v -1.7270 0.5412 -0.6133
vn -0.7743 0.1859 -0.6049
f 1030//344 1031//344 1032//344
v -1.2411 0.4245 -0.2337
v -1.7434 0.5756 -0.5817
v -1.7270 0.5412 -0.6133
vn -0.5389 -0.6948 0.4763
f 1033//345 1034//345 1035//345
v -1.2411 0.4245 -0.2337
v -1.2575 0.4589 -0.2021
v -1.7434 0.5756 -0.5817
vn -0.5389 -0.6948 0.4763
f 1036//346 1037//346 1038//346
v -1.2359 0.4589 -0.2297
v -1.2575 0.4589 -0.2021
v -1.2411 0.4245 -0.2337
vn 0.7743 -0.1859 0.6049
f 1039//347 1040//347 1041//347
v -1.7219 0.5756 -0.6093
v -1.7270 0.5412 -0.6133
v -1.7434 0.5756 -0.5817
vn -0.7743 0.1859 -0.6049
f 1042//348 1043//348 1044//348
v -1.2575 0.4589 -0.2021
v -1.7168 0.6099 -0.6053
v -1.7434 0.5756 -0.5817
vn -0.3318 0.6948 0.6381
f 1045//349 1046//349 1047//349
v -1.2575 0.4589 -0.2021
v -1.2308 0.4933 -0.2257
v -1.7168 0.6099 -0.6053
vn -0.3318 0.6948 0.6381
f 1048//350 1049//350 1050//350
v -1.2359 0.4589 -0.2297
v -1.2308 0.4933 -0.2257
v -1.2575 0.4589 -0.2021
vn 0.7743 -0.1859 0.6049
f 1051//351 1052//351 1053//351
v -1.7219 0.5756 -0.6093
v -1.7434 0.5756 -0.5817
v -1.7168 0.6099 -0.6053
vn -0.7743 0.1859 -0.6049
f 1054//352 1055//352 1056//352
v -1.2308 0.4933 -0.2257
v -1.7003 0.5756 -0.6369
v -1.7168 0.6099 -0.6053
vn 0.5389 0.6948 -0.4763
f 1057//353 1058//353 1059//353
v -1.2308 0.4933 -0.2257
v -1.2144 0.4589 -0.2572
v -1.7003 0.5756 -0.6369
vn 0.5389 0.6948 -0.4763
f 1060//354 1061//354 1062//354
v -1.2359 0.4589 -0.2297
v -1.2144 0.4589 -0.2572
v -1.2308 0.4933 -0.2257
vn 0.7743 -0.1859 0.6049
f 1063//355 1064//355 1065//355
v -1.7219 0.5756 -0.6093
v -1.7168 0.6099 -0.6053
v -1.7003 0.5756 -0.6369
vn -0.7743 0.1859 -0.6049
f 1066//356 1067//356 1068//356
v -1.7003 0.5756 -0.6369
v -2.2161 0.7366 -0.9955
v -2.1863 0.7700 -1.0166
vn 0.2678 -0.6744 -0.6881
f 1069//357 1070//357 1071//357
v -1.7003 0.5756 -0.6369
v -1.7302 0.5422 -0.6158
v -2.2161 0.7366 -0.9955
vn 0.2678 -0.6744 -0.6881
f 1072//358 1073//358 1074//358
v -1.7219 0.5756 -0.6093
v -1.7302 0.5422 -0.6158
v -1.7003 0.5756 -0.6369
vn 0.7515 -0.3007 0.5872
f 1075//359 1076//359 1077//359
v -2.2078 0.7700 -0.9890
v -2.1863 0.7700 -1.0166
v -2.2161 0.7366 -0.9955
vn -0.7515 0.3007 -0.5872
f 1078//360 1079//360 1080//360
v -1.7302 0.5422 -0.6158
v -2.2294 0.7700 -0.9614
v -2.2161 0.7366 -0.9955
vn -0.6029 -0.6744 0.4263
f 1081//361 1082//361 1083//361
v -1.7302 0.5422 -0.6158
v -1.7434 0.5756 -0.5817
v -2.2294 0.7700 -0.9614
vn -0.6029 -0.6744 0.4263
f 1084//362 1085//362 1086//362
v -1.7219 0.5756 -0.6093
v -1.7434 0.5756 -0.5817
v -1.7302 0.5422 -0.6158
vn 0.7515 -0.3007 0.5872
f 1087//363 1088//363 1089//363
v -2.2078 0.7700 -0.9890
v -2.2161 0.7366 -0.9955
v -2.2294 0.7700 -0.9614
vn -0.7515 0.3007 -0.5872
f 1090//364 1091//364 1092//364
v -1.7434 0.5756 -0.5817
v -2.1995 0.8034 -0.9825
v -2.2294 0.7700 -0.9614
vn -0.2678 0.6744 0.6881
f 1093//365 1094//365 1095//365
v -1.7434 0.5756 -0.5817
v -1.7136 0.6089 -0.6028
v -2.1995 0.8034 -0.9825
vn -0.2678 0.6744 0.6881
f 1096//366 1097//366 1098//366
v -1.7219 0.5756 -0.6093
v -1.7136 0.6089 -0.6028
v -1.7434 0.5756 -0.5817
vn 0.7515 -0.3007 0.5872
f 1099//367 1100//367 1101//367
v -2.2078 0.7700 -0.9890
v -2.2294 0.7700 -0.9614
v -2.1995 0.8034 -0.9825
vn -0.7515 0.3007 -0.5872
f 1102//368 1103//368 1104//368
v -1.7136 0.6089 -0.6028
v -2.1863 0.7700 -1.0166
v -2.1995 0.8034 -0.9825
vn 0.6029 0.6744 -0.4263
f 1105//369 1106//369 1107//369
v -1.7136 0.6089 -0.6028
v -1.7003 0.5756 -0.6369
v -2.1863 0.7700 -1.0166
vn 0.6029 0.6744 -0.4263
f 1108//370 1109//370 1110//370
v -1.7219 0.5756 -0.6093
v -1.7003 0.5756 -0.6369
v -1.7136 0.6089 -0.6028
vn 0.7515 -0.3007 0.5872
f 1111//371 1112//371 1113//371
v -2.2078 0.7700 -0.9890
v -2.1995 0.8034 -0.9825
v -2.1863 0.7700 -1.0166
vn -0.7515 0.3007 -0.5872
f 1114//372 1115//372 1116//372
v -0.7409 0.4200 0.1162
v -1.3478 0.4240 -0.0102
v -1.3366 0.4589 -0.0434
vn 0.1400 -0.7057 -0.6945
f 1117//373 1118//373 1119//373
v -0.7409 0.4200 0.1162
v -0.7521 0.3851 0.1494
v -1.3478 0.4240 -0.0102
vn 0.1400 -0.7057 -0.6945
f 1120//374 1121//374 1122//374
v -0.7500 0.4200 0.1500
v -0.7521 0.3851 0.1494
v -0.7409 0.4200 0.1162
vn 0.9640 -0.0629 0.2583
f 1123//375 1124//375 1125//375
v -1.3457 0.4589 -0.0096
v -1.3366 0.4589 -0.0434
v -1.3478 0.4240 -0.0102
vn -0.9640 0.0629 -0.2583
f 1126//376 1127//376 1128//376
v -0.7521 0.3851 0.1494
v -1.3547 0.4589 0.0242
v -1.3478 0.4240 -0.0102
vn -0.2260 -0.7057 0.6715
f 1129//377 1130//377 1131//377
v -0.7521 0.3851 0.1494
v -0.7591 0.4200 0.1838
v -1.3547 0.4589 0.0242
vn -0.2260 -0.7057 0.6715
f 1132//378 1133//378 1134//378
v -0.7500 0.4200 0.1500
v -0.7591 0.4200 0.1838
v -0.7521 0.3851 0.1494
vn 0.9640 -0.0629 0.2583
f 1135//379 1136//379 1137//379
v -1.3457 0.4589 -0.0096
v -1.3478 0.4240 -0.0102
v -1.3547 0.4589 0.0242
vn -0.9640 0.0629 -0.2583
f 1138//380 1139//380 1140//380
v -0.7591 0.4200 0.1838
v -1.3435 0.4938 -0.0090
v -1.3547 0.4589 0.0242
vn -0.1400 0.7057 0.6945
f 1141//381 1142//381 1143//381
v -0.7591 0.4200 0.1838
v -0.7479 0.4549 0.1506
v -1.3435 0.4938 -0.0090
vn -0.1400 0.7057 0.6945
f 1144//382 1145//382 1146//382
v -0.7500 0.4200 0.1500
v -0.7479 0.4549 0.1506
v -0.7591 0.4200 0.1838
vn 0.9640 -0.0629 0.2583
f 1147//383 1148//383 1149//383
v -1.3457 0.4589 -0.0096
v -1.3547 0.4589 0.0242
v -1.3435 0.4938 -0.0090
vn -0.9640 0.0629 -0.2583
f 1150//384 1151//384 1152//384
v -0.7479 0.4549 0.1506
v -1.3366 0.4589 -0.0434
v -1.3435 0.4938 -0.0090
vn 0.2260 0.7057 -0.6715
f 1153//385 1154//385 1155//385
v -0.7479 0.4549 0.1506
v -0.7409 0.4200 0.1162
v -1.3366 0.4589 -0.0434
vn 0.2260 0.7057 -0.6715
f 1156//386 1157//386 1158//386
v -0.7500 0.4200 0.1500
v -0.7409 0.4200 0.1162
v -0.7479 0.4549 0.1506
vn 0.9640 -0.0629 0.2583
f 1159//387 1160//387 1161//387
v -1.3457 0.4589 -0.0096
v -1.3435 0.4938 -0.0090
v -1.3366 0.4589 -0.0434
vn -0.9640 0.0629 -0.2583
f 1162//388 1163//388 1164//388
v -1.3366 0.4589 -0.0434
v -1.9476 0.5412 -0.1709
v -1.9322 0.5756 -0.2030
vn 0.0560 -0.6948 -0.7170
f 1165//389 1166//389 1167//389
v -1.3366 0.4589 -0.0434
v -1.3519 0.4245 -0.0113
v -1.9476 0.5412 -0.1709
vn 0.0560 -0.6948 -0.7170
f 1168//390 1169//390 1170//390
v -1.3457 0.4589 -0.0096
v -1.3519 0.4245 -0.0113
v -1.3366 0.4589 -0.0434
vn 0.9491 -0.1859 0.2543
f 1171//391 1172//391 1173//391
v -1.9413 0.5756 -0.1692
v -1.9322 0.5756 -0.2030
v -1.9476 0.5412 -0.1709
vn -0.9491 0.1859 -0.2543
f 1174//392 1175//392 1176//392
v -1.3519 0.4245 -0.0113
v -1.9504 0.5756 -0.1354
v -1.9476 0.5412 -0.1709
vn -0.3100 -0.6948 0.6490
f 1177//393 1178//393 1179//393
v -1.3519 0.4245 -0.0113
v -1.3547 0.4589 0.0242
v -1.9504 0.5756 -0.1354
vn -0.3100 -0.6948 0.6490
f 1180//394 1181//394 1182//394
v -1.3457 0.4589 -0.0096
v -1.3547 0.4589 0.0242
v -1.3519 0.4245 -0.0113
vn 0.9491 -0.1859 0.2543
f 1183//395 1184//395 1185//395
v -1.9413 0.5756 -0.1692
v -1.9476 0.5412 -0.1709
v -1.9504 0.5756 -0.1354
vn -0.9491 0.1859 -0.2543
f 1186//396 1187//396 1188//396
v -1.3547 0.4589 0.0242
v -1.9350 0.6099 -0.1675
v -1.9504 0.5756 -0.1354
vn -0.0560 0.6948 0.7170
f 1189//397 1190//397 1191//397
v -1.3547 0.4589 0.0242
v -1.3394 0.4933 -0.0079
v -1.9350 0.6099 -0.1675
vn -0.0560 0.6948 0.7170
f 1192//398 1193//398 1194//398
v -1.3457 0.4589 -0.0096
v -1.3394 0.4933 -0.0079
v -1.3547 0.4589 0.0242
vn 0.9491 -0.1859 0.2543
f 1195//399 1196//399 1197//399
v -1.9413 0.5756 -0.1692
v -1.9504 0.5756 -0.1354
v -1.9350 0.6099 -0.1675
vn -0.9491 0.1859 -0.2543
f 1198//400 1199//400 1200//400
v -1.3394 0.4933 -0.0079
v -1.9322 0.5756 -0.2030
v -1.9350 0.6099 -0.1675
vn 0.3100 0.6948 -0.6490
f 1201//401 1202//401 1203//401
v -1.3394 0.4933 -0.0079
v -1.3366 0.4589 -0.0434
v -1.9322 0.5756 -0.2030
vn 0.3100 0.6948 -0.6490
f 1204//402 1205//402 1206//402
v -1.3457 0.4589 -0.0096
v -1.3366 0.4589 -0.0434
v -1.3394 0.4933 -0.0079
vn 0.9491 -0.1859 0.2543
f 1207//403 1208//403 1209//403
v -1.9413 0.5756 -0.1692
v -1.9350 0.6099 -0.1675
v -1.9322 0.5756 -0.2030
vn -0.9491 0.1859 -0.2543
f 1210//404 1211//404 1212//404
v -1.9322 0.5756 -0.2030
v -2.5471 0.7366 -0.3315
v -2.5279 0.7700 -0.3626
vn -0.0224 -0.6744 -0.7380
f 1213//405 1214//405 1215//405
v -1.9322 0.5756 -0.2030
v -1.9515 0.5422 -0.1719
v -2.5471 0.7366 -0.3315
vn -0.0224 -0.6744 -0.7380
f 1216//406 1217//406 1218//406
v -1.9413 0.5756 -0.1692
v -1.9515 0.5422 -0.1719
v -1.9322 0.5756 -0.2030
vn 0.9212 -0.3007 0.2468
f 1219//407 1220//407 1221//407
v -2.5370 0.7700 -0.3288
v -2.5279 0.7700 -0.3626
v -2.5471 0.7366 -0.3315
vn -0.9212 0.3007 -0.2468
f 1222//408 1223//408 1224//408
v -1.9515 0.5422 -0.1719
v -2.5460 0.7700 -0.2950
v -2.5471 0.7366 -0.3315
vn -0.3884 -0.6744 0.6280
f 1225//409 1226//409 1227//409
v -1.9515 0.5422 -0.1719
v -1.9504 0.5756 -0.1354
v -2.5460 0.7700 -0.2950
vn -0.3884 -0.6744 0.6280
f 1228//410 1229//410 1230//410
v -1.9413 0.5756 -0.1692
v -1.9504 0.5756 -0.1354
v -1.9515 0.5422 -0.1719
vn 0.9212 -0.3007 0.2468
f 1231//411 1232//411 1233//411
v -2.5370 0.7700 -0.3288
v -2.5471 0.7366 -0.3315
v -2.5460 0.7700 -0.2950
vn -0.9212 0.3007 -0.2468
f 1234//412 1235//412 1236//412
v -1.9504 0.5756 -0.1354
v -2.5268 0.8034 -0.3261
v -2.5460 0.7700 -0.2950
vn 0.0224 0.6744 0.7380
f 1237//413 1238//413 1239//413
v -1.9504 0.5756 -0.1354
v -1.9311 0.6089 -0.1665
v -2.5268 0.8034 -0.3261
vn 0.0224 0.6744 0.7380
f 1240//414 1241//414 1242//414
v -1.9413 0.5756 -0.1692
v -1.9311 0.6089 -0.1665
v -1.9504 0.5756 -0.1354
vn 0.9212 -0.3007 0.2468
f 1243//415 1244//415 1245//415
v -2.5370 0.7700 -0.3288
v -2.5460 0.7700 -0.2950
v -2.5268 0.8034 -0.3261
vn -0.9212 0.3007 -0.2468
f 1246//416 1247//416 1248//416
v -1.9311 0.6089 -0.1665
v -2.5279 0.7700 -0.3626
v -2.5268 0.8034 -0.3261
vn 0.3884 0.6744 -0.6280
f 1249//417 1250//417 1251//417
v -1.9311 0.6089 -0.1665
v -1.9322 0.5756 -0.2030
v -2.5279 0.7700 -0.3626
vn 0.3884 0.6744 -0.6280
f 1252//418 1253//418 1254//418
v -1.9413 0.5756 -0.1692
v -1.9322 0.5756 -0.2030
v -1.9311 0.6089 -0.1665
vn 0.9212 -0.3007 0.2468
f 1255//419 1256//419 1257//419
v -2.5370 0.7700 -0.3288
v -2.5268 0.8034 -0.3261
v -2.5279 0.7700 -0.3626
vn -0.9212 0.3007 -0.2468
f 1258//420 1259//420 1260//420
v -0.7549 0.4200 0.1153
v -1.3628 0.4240 0.2361
v -1.3655 0.4589 0.2012
vn -0.1425 -0.7057 -0.6940
f 1261//421 1262//421 1263//421
v -0.7549 0.4200 0.1153
v -0.7522 0.3851 0.1503
v -1.3628 0.4240 0.2361
vn -0.1425 -0.7057 -0.6940
f 1264//422 1265//422 1266//422
v -0.7500 0.4200 0.1500
v -0.7522 0.3851 0.1503
v -0.7549 0.4200 0.1153
vn 0.9883 -0.0629 -0.1389
f 1267//423 1268//423 1269//423
v -1.3607 0.4589 0.2358
v -1.3655 0.4589 0.2012
v -1.3628 0.4240 0.2361
vn -0.9883 0.0629 0.1389
f 1270//424 1271//424 1272//424
v -0.7522 0.3851 0.1503
v -1.3558 0.4589 0.2705
v -1.3628 0.4240 0.2361
vn 0.0543 -0.7057 0.7064
f 1273//425 1274//425 1275//425
v -0.7522 0.3851 0.1503
v -0.7451 0.4200 0.1847
v -1.3558 0.4589 0.2705
vn 0.0543 -0.7057 0.7064
f 1276//426 1277//426 1278//426
v -0.7500 0.4200 0.1500
v -0.7451 0.4200 0.1847
v -0.7522 0.3851 0.1503
vn 0.9883 -0.0629 -0.1389
f 1279//427 1280//427 1281//427
v -1.3607 0.4589 0.2358
v -1.3628 0.4240 0.2361
v -1.3558 0.4589 0.2705
vn -0.9883 0.0629 0.1389
f 1282//428 1283//428 1284//428
v -0.7451 0.4200 0.1847
v -1.3585 0.4938 0.2355
v -1.3558 0.4589 0.2705
vn 0.1425 0.7057 0.6940
f 1285//429 1286//429 1287//429
v -0.7451 0.4200 0.1847
v -0.7478 0.4549 0.1497
v -1.3585 0.4938 0.2355
vn 0.1425 0.7057 0.6940
f 1288//430 1289//430 1290//430
v -0.7500 0.4200 0.1500
v -0.7478 0.4549 0.1497
v -0.7451 0.4200 0.1847
vn 0.9883 -0.0629 -0.1389
f 1291//431 1292//431 1293//431
v -1.3607 0.4589 0.2358
v -1.3558 0.4589 0.2705
v -1.3585 0.4938 0.2355
vn -0.9883 0.0629 0.1389
f 1294//432 1295//432 1296//432
v -0.7478 0.4549 0.1497
v -1.3655 0.4589 0.2012
v -1.3585 0.4938 0.2355
vn -0.0543 0.7057 -0.7064
f 1297//433 1298//433 1299//433
v -0.7478 0.4549 0.1497
v -0.7549 0.4200 0.1153
v -1.3655 0.4589 0.2012
vn -0.0543 0.7057 -0.7064
f 1300//434 1301//434 1302//434
v -0.7500 0.4200 0.1500
v -0.7549 0.4200 0.1153
v -0.7478 0.4549 0.1497
vn 0.9883 -0.0629 -0.1389
f 1303//435 1304//435 1305//435
v -1.3607 0.4589 0.2358
v -1.3585 0.4938 0.2355
v -1.3655 0.4589 0.2012
vn -0.9883 0.0629 0.1389
f 1306//436 1307//436 1308//436
v -1.3655 0.4589 0.2012
v -1.9778 0.5412 0.3226
v -1.9762 0.5756 0.2870
vn -0.2286 -0.6948 -0.6819
f 1309//437 1310//437 1311//437
v -1.3655 0.4589 0.2012
v -1.3671 0.4245 0.2367
v -1.9778 0.5412 0.3226
vn -0.2286 -0.6948 -0.6819
f 1312//438 1313//438 1314//438
v -1.3607 0.4589 0.2358
v -1.3671 0.4245 0.2367
v -1.3655 0.4589 0.2012
vn 0.9730 -0.1859 -0.1367
f 1315//439 1316//439 1317//439
v -1.9713 0.5756 0.3216
v -1.9762 0.5756 0.2870
v -1.9778 0.5412 0.3226
vn -0.9730 0.1859 0.1367
f 1318//440 1319//440 1320//440
v -1.3671 0.4245 0.2367
v -1.9665 0.5756 0.3563
v -1.9778 0.5412 0.3226
vn -0.0318 -0.6948 0.7185
f 1321//441 1322//441 1323//441
v -1.3671 0.4245 0.2367
v -1.3558 0.4589 0.2705
v -1.9665 0.5756 0.3563
vn -0.0318 -0.6948 0.7185
f 1324//442 1325//442 1326//442
v -1.3607 0.4589 0.2358
v -1.3558 0.4589 0.2705
v -1.3671 0.4245 0.2367
vn 0.9730 -0.1859 -0.1367
f 1327//443 1328//443 1329//443
v -1.9713 0.5756 0.3216
v -1.9778 0.5412 0.3226
v -1.9665 0.5756 0.3563
vn -0.9730 0.1859 0.1367
f 1330//444 1331//444 1332//444
v -1.3558 0.4589 0.2705
v -1.9649 0.6099 0.3207
v -1.9665 0.5756 0.3563
vn 0.2286 0.6948 0.6819
f 1333//445 1334//445 1335//445
v -1.3558 0.4589 0.2705
v -1.3542 0.4933 0.2349
v -1.9649 0.6099 0.3207
vn 0.2286 0.6948 0.6819
f 1336//446 1337//446 1338//446
v -1.3607 0.4589 0.2358
v -1.3542 0.4933 0.2349
v -1.3558 0.4589 0.2705
vn 0.9730 -0.1859 -0.1367
f 1339//447 1340//447 1341//447
v -1.9713 0.5756 0.3216
v -1.9665 0.5756 0.3563
v -1.9649 0.6099 0.3207
vn -0.9730 0.1859 0.1367
f 1342//448 1343//448 1344//448
v -1.3542 0.4933 0.2349
v -1.9762 0.5756 0.2870
v -1.9649 0.6099 0.3207
vn 0.0318 0.6948 -0.7185
f 1345//449 1346//449 1347//449
v -1.3542 0.4933 0.2349
v -1.3655 0.4589 0.2012
v -1.9762 0.5756 0.2870
vn 0.0318 0.6948 -0.7185
f 1348//450 1349//450 1350//450
v -1.3607 0.4589 0.2358
v -1.3655 0.4589 0.2012
v -1.3542 0.4933 0.2349
vn 0.9730 -0.1859 -0.1367
f 1351//451 1352//451 1353//451
v -1.9713 0.5756 0.3216
v -1.9649 0.6099 0.3207
v -1.9762 0.5756 0.2870
vn -0.9730 0.1859 0.1367
f 1354//452 1355//452 1356//452
v -1.9762 0.5756 0.2870
v -2.5924 0.7366 0.4089
v -2.5869 0.7700 0.3728
vn -0.3090 -0.6744 -0.6706
f 1357//453 1358//453 1359//453
v -1.9762 0.5756 0.2870
v -1.9818 0.5422 0.3231
v -2.5924 0.7366 0.4089
vn -0.3090 -0.6744 -0.6706
f 1360//454 1361//454 1362//454
v -1.9713 0.5756 0.3216
v -1.9818 0.5422 0.3231
v -1.9762 0.5756 0.2870
vn 0.9444 -0.3007 -0.1327
f 1363//455 1364//455 1365//455
v -2.5820 0.7700 0.4075
v -2.5869 0.7700 0.3728
v -2.5924 0.7366 0.4089
vn -0.9444 0.3007 0.1327
f 1366//456 1367//456 1368//456
v -1.9818 0.5422 0.3231
v -2.5771 0.7700 0.4421
v -2.5924 0.7366 0.4089
vn -0.1122 -0.6744 0.7298
f 1369//457 1370//457 1371//457
v -1.9818 0.5422 0.3231
v -1.9665 0.5756 0.3563
v -2.5771 0.7700 0.4421
vn -0.1122 -0.6744 0.7298
f 1372//458 1373//458 1374//458
v -1.9713 0.5756 0.3216
v -1.9665 0.5756 0.3563
v -1.9818 0.5422 0.3231
vn 0.9444 -0.3007 -0.1327
f 1375//459 1376//459 1377//459
v -2.5820 0.7700 0.4075
v -2.5924 0.7366 0.4089
v -2.5771 0.7700 0.4421
vn -0.9444 0.3007 0.1327
f 1378//460 1379//460 1380//460
v -1.9665 0.5756 0.3563
v -2.5716 0.8034 0.4060
v -2.5771 0.7700 0.4421
vn 0.3090 0.6744 0.6706
f 1381//461 1382//461 1383//461
v -1.9665 0.5756 0.3563
v -1.9609 0.6089 0.3202
v -2.5716 0.8034 0.4060
vn 0.3090 0.6744 0.6706
f 1384//462 1385//462 1386//462
v -1.9713 0.5756 0.3216
v -1.9609 0.6089 0.3202
v -1.9665 0.5756 0.3563
vn 0.9444 -0.3007 -0.1327
f 1387//463 1388//463 1389//463
v -2.5820 0.7700 0.4075
v -2.5771 0.7700 0.4421
v -2.5716 0.8034 0.4060
vn -0.9444 0.3007 0.1327
f 1390//464 1391//464 1392//464
v -1.9609 0.6089 0.3202
v -2.5869 0.7700 0.3728
v -2.5716 0.8034 0.4060
vn 0.1122 0.6744 -0.7298
f 1393//465 1394//465 1395//465
v -1.9609 0.6089 0.3202
v -1.9762 0.5756 0.2870
v -2.5869 0.7700 0.3728
vn 0.1122 0.6744 -0.7298
f 1396//466 1397//466 1398//466
v -1.9713 0.5756 0.3216
v -1.9762 0.5756 0.2870
v -1.9609 0.6089 0.3202
vn 0.9444 -0.3007 -0.1327
f 1399//467 1400//467 1401//467
v -2.5820 0.7700 0.4075
v -2.5716 0.8034 0.4060
v -2.5869 0.7700 0.3728
vn -0.9444 0.3007 0.1327
f 1402//468 1403//468 1404//468
v -0.7675 0.4200 0.1197
v -1.2860 0.4240 0.4594
v -1.3015 0.4589 0.4280
vn -0.3921 -0.7057 -0.5901
f 1405//469 1406//469 1407//469
v -0.7675 0.4200 0.1197
v -0.7519 0.3851 0.1511
v -1.2860 0.4240 0.4594
vn -0.3921 -0.7057 -0.5901
f 1408//470 1409//470 1410//470
v -0.7500 0.4200 0.1500
v -0.7519 0.3851 0.1511
v -0.7675 0.4200 0.1197
vn 0.8643 -0.0629 -0.4990
f 1411//471 1412//471 1413//471
v -1.2840 0.4589 0.4583
v -1.3015 0.4589 0.4280
v -1.2860 0.4240 0.4594
vn -0.8643 0.0629 0.4990
f 1414//472 1415//472 1416//472
v -0.7519 0.3851 0.1511
v -1.2665 0.4589 0.4886
v -1.2860 0.4240 0.4594
vn 0.3150 -0.7057 0.6346
f 1417//473 1418//473 1419//473
v -0.7519 0.3851 0.1511
v -0.7325 0.4200 0.1803
v -1.2665 0.4589 0.4886
vn 0.3150 -0.7057 0.6346
f 1420//474 1421//474 1422//474
v -0.7500 0.4200 0.1500
v -0.7325 0.4200 0.1803
v -0.7519 0.3851 0.1511
vn 0.8643 -0.0629 -0.4990
f 1423//475 1424//475 1425//475
v -1.2840 0.4589 0.4583
v -1.2860 0.4240 0.4594
v -1.2665 0.4589 0.4886
vn -0.8643 0.0629 0.4990
f 1426//476 1427//476 1428//476
v -0.7325 0.4200 0.1803
v -1.2821 0.4938 0.4572
v -1.2665 0.4589 0.4886
vn 0.3921 0.7057 0.5901
f 1429//477 1430//477 1431//477
v -0.7325 0.4200 0.1803
v -0.7481 0.4549 0.1489
v -1.2821 0.4938 0.4572
vn 0.3921 0.7057 0.5901
f 1432//478 1433//478 1434//478
v -0.7500 0.4200 0.1500
v -0.7481 0.4549 0.1489
v -0.7325 0.4200 0.1803
vn 0.8643 -0.0629 -0.4990
f 1435//479 1436//479 1437//479
v -1.2840 0.4589 0.4583
v -1.2665 0.4589 0.4886
v -1.2821 0.4938 0.4572
vn -0.8643 0.0629 0.4990
f 1438//480 1439//480 1440//480
v -0.7481 0.4549 0.1489
v -1.3015 0.4589 0.4280
v -1.2821 0.4938 0.4572
vn -0.3150 0.7057 -0.6346
f 1441//481 1442//481 1443//481
v -0.7481 0.4549 0.1489
v -0.7675 0.4200 0.1197
v -1.3015 0.4589 0.4280
vn -0.3150 0.7057 -0.6346
f 1444//482 1445//482 1446//482
v -0.7500 0.4200 0.1500
v -0.7675 0.4200 0.1197
v -0.7481 0.4549 0.1489
vn 0.8643 -0.0629 -0.4990
f 1447//483 1448//483 1449//483
v -1.2840 0.4589 0.4583
v -1.2821 0.4938 0.4572
v -1.3015 0.4589 0.4280
vn -0.8643 0.0629 0.4990
f 1450//484 1451//484 1452//484
v -1.3015 0.4589 0.4280
v -1.8237 0.5412 0.7699
v -1.8356 0.5756 0.7364
vn -0.4674 -0.6948 -0.5466
f 1453//485 1454//485 1455//485
v -1.3015 0.4589 0.4280
v -1.2897 0.4245 0.4616
v -1.8237 0.5412 0.7699
vn -0.4674 -0.6948 -0.5466
f 1456//486 1457//486 1458//486
v -1.2840 0.4589 0.4583
v -1.2897 0.4245 0.4616
v -1.3015 0.4589 0.4280
vn 0.8509 -0.1859 -0.4913
f 1459//487 1460//487 1461//487
v -1.8181 0.5756 0.7667
v -1.8356 0.5756 0.7364
v -1.8237 0.5412 0.7699
vn -0.8509 0.1859 0.4913
f 1462//488 1463//488 1464//488
v -1.2897 0.4245 0.4616
v -1.8006 0.5756 0.7970
v -1.8237 0.5412 0.7699
vn 0.2397 -0.6948 0.6781
f 1465//489 1466//489 1467//489
v -1.2897 0.4245 0.4616
v -1.2665 0.4589 0.4886
v -1.8006 0.5756 0.7970
vn 0.2397 -0.6948 0.6781
f 1468//490 1469//490 1470//490
v -1.2840 0.4589 0.4583
v -1.2665 0.4589 0.4886
v -1.2897 0.4245 0.4616
vn 0.8509 -0.1859 -0.4913
f 1471//491 1472//491 1473//491
v -1.8181 0.5756 0.7667
v -1.8237 0.5412 0.7699
v -1.8006 0.5756 0.7970
vn -0.8509 0.1859 0.4913
f 1474//492 1475//492 1476//492
v -1.2665 0.4589 0.4886
v -1.8125 0.6099 0.7634
v -1.8006 0.5756 0.7970
vn 0.4674 0.6948 0.5466
f 1477//493 1478//493 1479//493
v -1.2665 0.4589 0.4886
v -1.2784 0.4933 0.4551
v -1.8125 0.6099 0.7634
vn 0.4674 0.6948 0.5466
f 1480//494 1481//494 1482//494
v -1.2840 0.4589 0.4583
v -1.2784 0.4933 0.4551
v -1.2665 0.4589 0.4886
vn 0.8509 -0.1859 -0.4913
f 1483//495 1484//495 1485//495
v -1.8181 0.5756 0.7667
v -1.8006 0.5756 0.7970
v -1.8125 0.6099 0.7634
vn -0.8509 0.1859 0.4913
f 1486//496 1487//496 1488//496
v -1.2784 0.4933 0.4551
v -1.8356 0.5756 0.7364
v -1.8125 0.6099 0.7634
vn -0.2397 0.6948 -0.6781
f 1489//497 1490//497 1491//497
v -1.2784 0.4933 0.4551
v -1.3015 0.4589 0.4280
v -1.8356 0.5756 0.7364
vn -0.2397 0.6948 -0.6781
f 1492//498 1493//498 1494//498
v -1.2840 0.4589 0.4583
v -1.3015 0.4589 0.4280
v -1.2784 0.4933 0.4551
vn 0.8509 -0.1859 -0.4913
f 1495//499 1496//499 1497//499
v -1.8181 0.5756 0.7667
v -1.8125 0.6099 0.7634
v -1.8356 0.5756 0.7364
vn -0.8509 0.1859 0.4913
f 1498//500 1499//500 1500//500
v -1.8356 0.5756 0.7364
v -2.3613 0.7366 1.0803
v -2.3696 0.7700 1.0447
vn -0.5377 -0.6744 -0.5061
f 1501//501 1502//501 1503//501
v -1.8356 0.5756 0.7364
v -1.8272 0.5422 0.7719
v -2.3613 0.7366 1.0803
vn -0.5377 -0.6744 -0.5061
f 1504//502 1505//502 1506//502
v -1.8181 0.5756 0.7667
v -1.8272 0.5422 0.7719
v -1.8356 0.5756 0.7364
vn 0.8259 -0.3007 -0.4769
f 1507//503 1508//503 1509//503
v -2.3521 0.7700 1.0750
v -2.3696 0.7700 1.0447
v -2.3613 0.7366 1.0803
vn -0.8259 0.3007 0.4769
f 1510//504 1511//504 1512//504
v -1.8272 0.5422 0.7719
v -2.3346 0.7700 1.1053
v -2.3613 0.7366 1.0803
vn 0.1694 -0.6744 0.7187
f 1513//505 1514//505 1515//505
v -1.8272 0.5422 0.7719
v -1.8006 0.5756 0.7970
v -2.3346 0.7700 1.1053
vn 0.1694 -0.6744 0.7187
f 1516//506 1517//506 1518//506
v -1.8181 0.5756 0.7667
v -1.8006 0.5756 0.7970
v -1.8272 0.5422 0.7719
vn 0.8259 -0.3007 -0.4769
f 1519//507 1520//507 1521//507
v -2.3521 0.7700 1.0750
v -2.3613 0.7366 1.0803
v -2.3346 0.7700 1.1053
vn -0.8259 0.3007 0.4769
f 1522//508 1523//508 1524//508
v -1.8006 0.5756 0.7970
v -2.3430 0.8034 1.0697
v -2.3346 0.7700 1.1053
vn 0.5377 0.6744 0.5061
f 1525//509 1526//509 1527//509
v -1.8006 0.5756 0.7970
v -1.8090 0.6089 0.7614
v -2.3430 0.8034 1.0697
vn 0.5377 0.6744 0.5061
f 1528//510 1529//510 1530//510
v -1.8181 0.5756 0.7667
v -1.8090 0.6089 0.7614
v -1.8006 0.5756 0.7970
vn 0.8259 -0.3007 -0.4769
f 1531//511 1532//511 1533//511
v -2.3521 0.7700 1.0750
v -2.3346 0.7700 1.1053
v -2.3430 0.8034 1.0697
vn -0.8259 0.3007 0.4769
f 1534//512 1535//512 1536//512
v -1.8090 0.6089 0.7614
v -2.3696 0.7700 1.0447
v -2.3430 0.8034 1.0697
vn -0.1694 0.6744 -0.7187
f 1537//513 1538//513 1539//513
v -1.8090 0.6089 0.7614
v -1.8356 0.5756 0.7364
v -2.3696 0.7700 1.0447
vn -0.1694 0.6744 -0.7187
f 1540//514 1541//514 1542//514
v -1.8181 0.5756 0.7667
v -1.8356 0.5756 0.7364
v -1.8090 0.6089 0.7614
vn 0.8259 -0.3007 -0.4769
f 1543//515 1544//515 1545//515
v -2.3521 0.7700 1.0750
v -2.3430 0.8034 1.0697
v -2.3696 0.7700 1.0447
vn -0.8259 0.3007 0.4769
f 1546//516 1547//516 1548//516
v 0.7715 0.4200 0.1776
v 1.2377 0.4240 -0.2310
v 1.2575 0.4589 -0.2021
vn 0.4704 -0.7057 0.5298
f 1549//517 1550//517 1551//517
v 0.7715 0.4200 0.1776
v 0.7517 0.3851 0.1486
v 1.2377 0.4240 -0.2310
vn 0.4704 -0.7057 0.5298
f 1552//518 1553//518 1554//518
v 0.7500 0.4200 0.1500
v 0.7517 0.3851 0.1486
v 0.7715 0.4200 0.1776
vn -0.7864 -0.0629 0.6144
f 1555//519 1556//519 1557//519
v 1.2359 0.4589 -0.2297
v 1.2575 0.4589 -0.2021
v 1.2377 0.4240 -0.2310
vn 0.7864 0.0629 -0.6144
f 1558//520 1559//520 1560//520
v 0.7517 0.3851 0.1486
v 1.2144 0.4589 -0.2572
v 1.2377 0.4240 -0.2310
vn -0.4003 -0.7057 -0.5846
f 1561//521 1562//521 1563//521
v 0.7517 0.3851 0.1486
v 0.7285 0.4200 0.1224
v 1.2144 0.4589 -0.2572
vn -0.4003 -0.7057 -0.5846
f 1564//522 1565//522 1566//522
v 0.7500 0.4200 0.1500
v 0.7285 0.4200 0.1224
v 0.7517 0.3851 0.1486
vn -0.7864 -0.0629 0.6144
f 1567//523 1568//523 1569//523
v 1.2359 0.4589 -0.2297
v 1.2377 0.4240 -0.2310
v 1.2144 0.4589 -0.2572
vn 0.7864 0.0629 -0.6144
f 1570//524 1571//524 1572//524
v 0.7285 0.4200 0.1224
v 1.2342 0.4938 -0.2283
v 1.2144 0.4589 -0.2572
vn -0.4704 0.7057 -0.5298
f 1573//525 1574//525 1575//525
v 0.7285 0.4200 0.1224
v 0.7483 0.4549 0.1514
v 1.2342 0.4938 -0.2283
vn -0.4704 0.7057 -0.5298
f 1576//526 1577//526 1578//526
v 0.7500 0.4200 0.1500
v 0.7483 0.4549 0.1514
v 0.7285 0.4200 0.1224
vn -0.7864 -0.0629 0.6144
f 1579//527 1580//527 1581//527
v 1.2359 0.4589 -0.2297
v 1.2144 0.4589 -0.2572
v 1.2342 0.4938 -0.2283
vn 0.7864 0.0629 -0.6144
f 1582//528 1583//528 1584//528
v 0.7483 0.4549 0.1514
v 1.2575 0.4589 -0.2021
v 1.2342 0.4938 -0.2283
vn 0.4003 0.7057 0.5846
f 1585//529 1586//529 1587//529
v 0.7483 0.4549 0.1514
v 0.7715 0.4200 0.1776
v 1.2575 0.4589 -0.2021
vn 0.4003 0.7057 0.5846
f 1588//530 1589//530 1590//530
v 0.7500 0.4200 0.1500
v 0.7715 0.4200 0.1776
v 0.7483 0.4549 0.1514
vn -0.7864 -0.0629 0.6144
f 1591//531 1592//531 1593//531
v 1.2359 0.4589 -0.2297
v 1.2342 0.4938 -0.2283
v 1.2575 0.4589 -0.2021
vn 0.7864 0.0629 -0.6144
f 1594//532 1595//532 1596//532
v 1.2575 0.4589 -0.2021
v 1.7270 0.5412 -0.6133
v 1.7434 0.5756 -0.5817
vn 0.5389 -0.6948 0.4763
f 1597//533 1598//533 1599//533
v 1.2575 0.4589 -0.2021
v 1.2411 0.4245 -0.2337
v 1.7270 0.5412 -0.6133
vn 0.5389 -0.6948 0.4763
f 1600//534 1601//534 1602//534
v 1.2359 0.4589 -0.2297
v 1.2411 0.4245 -0.2337
v 1.2575 0.4589 -0.2021
vn -0.7743 -0.1859 0.6049
f 1603//535 1604//535 1605//535
v 1.7219 0.5756 -0.6093
v 1.7434 0.5756 -0.5817
v 1.7270 0.5412 -0.6133
vn 0.7743 0.1859 -0.6049
f 1606//536 1607//536 1608//536
v 1.2411 0.4245 -0.2337
v 1.7003 0.5756 -0.6369
v 1.7270 0.5412 -0.6133
vn -0.3318 -0.6948 -0.6381
f 1609//537 1610//537 1611//537
v 1.2411 0.4245 -0.2337
v 1.2144 0.4589 -0.2572
v 1.7003 0.5756 -0.6369
vn -0.3318 -0.6948 -0.6381
f 1612//538 1613//538 1614//538
v 1.2359 0.4589 -0.2297
v 1.2144 0.4589 -0.2572
v 1.2411 0.4245 -0.2337
vn -0.7743 -0.1859 0.6049
f 1615//539 1616//539 1617//539
v 1.7219 0.5756 -0.6093
v 1.7270 0.5412 -0.6133
v 1.7003 0.5756 -0.6369
vn 0.7743 0.1859 -0.6049
f 1618//540 1619//540 1620//540
v 1.2144 0.4589 -0.2572
v 1.7168 0.6099 -0.6053
v 1.7003 0.5756 -0.6369
vn -0.5389 0.6948 -0.4763
f 1621//541 1622//541 1623//541
v 1.2144 0.4589 -0.2572
v 1.2308 0.4933 -0.2257
v 1.7168 0.6099 -0.6053
vn -0.5389 0.6948 -0.4763
f 1624//542 1625//542 1626//542
v 1.2359 0.4589 -0.2297
v 1.2308 0.4933 -0.2257
v 1.2144 0.4589 -0.2572
vn -0.7743 -0.1859 0.6049
f 1627//543 1628//543 1629//543
v 1.7219 0.5756 -0.6093
v 1.7003 0.5756 -0.6369
v 1.7168 0.6099 -0.6053
vn 0.7743 0.1859 -0.6049
f 1630//544 1631//544 1632//544
v 1.2308 0.4933 -0.2257
v 1.7434 0.5756 -0.5817
v 1.7168 0.6099 -0.6053
vn 0.3318 0.6948 0.6381
f 1633//545 1634//545 1635//545
v 1.2308 0.4933 -0.2257
v 1.2575 0.4589 -0.2021
v 1.7434 0.5756 -0.5817
vn 0.3318 0.6948 0.6381
f 1636//546 1637//546 1638//546
v 1.2359 0.4589 -0.2297
v 1.2575 0.4589 -0.2021
v 1.2308 0.4933 -0.2257
vn -0.7743 -0.1859 0.6049
f 1639//547 1640//547 1641//547
v 1.7219 0.5756 -0.6093
v 1.7168 0.6099 -0.6053
v 1.7434 0.5756 -0.5817
vn 0.7743 0.1859 -0.6049
f 1642//548 1643//548 1644//548
v 1.7434 0.5756 -0.5817
v 2.2161 0.7366 -0.9955
v 2.2294 0.7700 -0.9614
vn 0.6029 -0.6744 0.4263
f 1645//549 1646//549 1647//549
v 1.7434 0.5756 -0.5817
v 1.7302 0.5422 -0.6158
v 2.2161 0.7366 -0.9955
vn 0.6029 -0.6744 0.4263
f 1648//550 1649//550 1650//550
v 1.7219 0.5756 -0.6093
v 1.7302 0.5422 -0.6158
v 1.7434 0.5756 -0.5817
vn -0.7515 -0.3007 0.5872
f 1651//551 1652//551 1653//551
v 2.2078 0.7700 -0.9890
v 2.2294 0.7700 -0.9614
v 2.2161 0.7366 -0.9955
vn 0.7515 0.3007 -0.5872
f 1654//552 1655//552 1656//552
v 1.7302 0.5422 -0.6158
v 2.1863 0.7700 -1.0166
v 2.2161 0.7366 -0.9955
vn -0.2678 -0.6744 -0.6881
f 1657//553 1658//553 1659//553
v 1.7302 0.5422 -0.6158
v 1.7003 0.5756 -0.6369
v 2.1863 0.7700 -1.0166
vn -0.2678 -0.6744 -0.6881
f 1660//554 1661//554 1662//554
v 1.7219 0.5756 -0.6093
v 1.7003 0.5756 -0.6369
v 1.7302 0.5422 -0.6158
vn -0.7515 -0.3007 0.5872
f 1663//555 1664//555 1665//555
v 2.2078 0.7700 -0.9890
v 2.2161 0.7366 -0.9955
v 2.1863 0.7700 -1.0166
vn 0.7515 0.3007 -0.5872
f 1666//556 1667//556 1668//556
v 1.7003 0.5756 -0.6369
v 2.1995 0.8034 -0.9825
v 2.1863 0.7700 -1.0166
vn -0.6029 0.6744 -0.4263
f 1669//557 1670//557 1671//557
v 1.7003 0.5756 -0.6369
v 1.7136 0.6089 -0.6028
v 2.1995 0.8034 -0.9825
vn -0.6029 0.6744 -0.4263
f 1672//558 1673//558 1674//558
v 1.7219 0.5756 -0.6093
v 1.7136 0.6089 -0.6028
v 1.7003 0.5756 -0.6369
vn -0.7515 -0.3007 0.5872
f 1675//559 1676//559 1677//559
v 2.2078 0.7700 -0.9890
v 2.1863 0.7700 -1.0166
v 2.1995 0.8034 -0.9825
vn 0.7515 0.3007 -0.5872
f 1678//560 1679//560 1680//560
v 1.7136 0.6089 -0.6028
v 2.2294 0.7700 -0.9614
v 2.1995 0.8034 -0.9825
vn 0.2678 0.6744 0.6881
f 1681//561 1682//561 1683//561
v 1.7136 0.6089 -0.6028
v 1.7434 0.5756 -0.5817
v 2.2294 0.7700 -0.9614
vn 0.2678 0.6744 0.6881
f 1684//562 1685//562 1686//562
v 1.7219 0.5756 -0.6093
v 1.7434 0.5756 -0.5817
v 1.7136 0.6089 -0.6028
vn -0.7515 -0.3007 0.5872
f 1687//563 1688//563 1689//563
v 2.2078 0.7700 -0.9890
v 2.1995 0.8034 -0.9825
v 2.2294 0.7700 -0.9614
vn 0.7515 0.3007 -0.5872
f 1690//564 1691//564 1692//564
v 0.7591 0.4200 0.1838
v 1.3478 0.4240 -0.0102
v 1.3547 0.4589 0.0242
vn 0.2260 -0.7057 0.6715
f 1693//565 1694//565 1695//565
v 0.7591 0.4200 0.1838
v 0.7521 0.3851 0.1494
v 1.3478 0.4240 -0.0102
vn 0.2260 -0.7057 0.6715
f 1696//566 1697//566 1698//566
v 0.7500 0.4200 0.1500
v 0.7521 0.3851 0.1494
v 0.7591 0.4200 0.1838
vn -0.9640 -0.0629 0.2583
f 1699//567 1700//567 1701//567
v 1.3457 0.4589 -0.0096
v 1.3547 0.4589 0.0242
v 1.3478 0.4240 -0.0102
vn 0.9640 0.0629 -0.2583
f 1702//568 1703//568 1704//568
v 0.7521 0.3851 0.1494
v 1.3366 0.4589 -0.0434
v 1.3478 0.4240 -0.0102
vn -0.1400 -0.7057 -0.6945
f 1705//569 1706//569 1707//569
v 0.7521 0.3851 0.1494
v 0.7409 0.4200 0.1162
v 1.3366 0.4589 -0.0434
vn -0.1400 -0.7057 -0.6945
f 1708//570 1709//570 1710//570
v 0.7500 0.4200 0.1500
v 0.7409 0.4200 0.1162
v 0.7521 0.3851 0.1494
vn -0.9640 -0.0629 0.2583
f 1711//571 1712//571 1713//571
v 1.3457 0.4589 -0.0096
v 1.3478 0.4240 -0.0102
v 1.3366 0.4589 -0.0434
vn 0.9640 0.0629 -0.2583
f 1714//572 1715//572 1716//572
v 0.7409 0.4200 0.1162
v 1.3435 0.4938 -0.0090
v 1.3366 0.4589 -0.0434
vn -0.2260 0.7057 -0.6715
f 1717//573 1718//573 1719//573
v 0.7409 0.4200 0.1162
v 0.7479 0.4549 0.1506
v 1.3435 0.4938 -0.0090
vn -0.2260 0.7057 -0.6715
f 1720//574 1721//574 1722//574
v 0.7500 0.4200 0.1500
v 0.7479 0.4549 0.1506
v 0.7409 0.4200 0.1162
vn -0.9640 -0.0629 0.2583
f 1723//575 1724//575 1725//575
v 1.3457 0.4589 -0.0096
v 1.3366 0.4589 -0.0434
v 1.3435 0.4938 -0.0090
vn 0.9640 0.0629 -0.2583
f 1726//576 1727//576 1728//576
v 0.7479 0.4549 0.1506
v 1.3547 0.4589 0.0242
v 1.3435 0.4938 -0.0090
vn 0.1400 0.7057 0.6945
f 1729//577 1730//577 1731//577
v 0.7479 0.4549 0.1506
v 0.7591 0.4200 0.1838
v 1.3547 0.4589 0.0242
vn 0.1400 0.7057 0.6945
f 1732//578 1733//578 1734//578
v 0.7500 0.4200 0.1500
v 0.7591 0.4200 0.1838
v 0.7479 0.4549 0.1506
vn -0.9640 -0.0629 0.2583
f 1735//579 1736//579 1737//579
v 1.3457 0.4589 -0.0096
v 1.3435 0.4938 -0.0090
v 1.3547 0.4589 0.0242
vn 0.9640 0.0629 -0.2583
f 1738//580 1739//580 1740//580
v 1.3547 0.4589 0.0242
v 1.9476 0.5412 -0.1709
v 1.9504 0.5756 -0.1354
vn 0.3100 -0.6948 0.6490
f 1741//581 1742//581 1743//581
v 1.3547 0.4589 0.0242
v 1.3519 0.4245 -0.0113
v 1.9476 0.5412 -0.1709
vn 0.3100 -0.6948 0.6490
f 1744//582 1745//582 1746//582
v 1.3457 0.4589 -0.0096
v 1.3519 0.4245 -0.0113
v 1.3547 0.4589 0.0242
vn -0.9491 -0.1859 0.2543
f 1747//583 1748//583 1749//583
v 1.9413 0.5756 -0.1692
v 1.9504 0.5756 -0.1354
v 1.9476 0.5412 -0.1709
vn 0.9491 0.1859 -0.2543
f 1750//584 1751//584 1752//584
v 1.3519 0.4245 -0.0113
v 1.9322 0.5756 -0.2030
v 1.9476 0.5412 -0.1709
vn -0.0560 -0.6948 -0.7170
f 1753//585 1754//585 1755//585
v 1.3519 0.4245 -0.0113
v 1.3366 0.4589 -0.0434
v 1.9322 0.5756 -0.2030
vn -0.0560 -0.6948 -0.7170
f 1756//586 1757//586 1758//586
v 1.3457 0.4589 -0.0096
v 1.3366 0.4589 -0.0434
v 1.3519 0.4245 -0.0113
vn -0.9491 -0.1859 0.2543
f 1759//587 1760//587 1761//587
v 1.9413 0.5756 -0.1692
v 1.9476 0.5412 -0.1709
v 1.9322 0.5756 -0.2030
vn 0.9491 0.1859 -0.2543
f 1762//588 1763//588 1764//588
v 1.3366 0.4589 -0.0434
v 1.9350 0.6099 -0.1675
v 1.9322 0.5756 -0.2030
vn -0.3100 0.6948 -0.6490
f 1765//589 1766//589 1767//589
v 1.3366 0.4589 -0.0434
v 1.3394 0.4933 -0.0079
v 1.9350 0.6099 -0.1675
vn -0.3100 0.6948 -0.6490
f 1768//590 1769//590 1770//590
v 1.3457 0.4589 -0.0096
v 1.3394 0.4933 -0.0079
v 1.3366 0.4589 -0.0434
vn -0.9491 -0.1859 0.2543
f 1771//591 1772//591 1773//591
v 1.9413 0.5756 -0.1692
v 1.9322 0.5756 -0.2030
v 1.9350 0.6099 -0.1675
vn 0.9491 0.1859 -0.2543
f 1774//592 1775//592 1776//592
v 1.3394 0.4933 -0.0079
v 1.9504 0.5756 -0.1354
v 1.9350 0.6099 -0.1675
vn 0.0560 0.6948 0.7170
f 1777//593 1778//593 1779//593
v 1.3394 0.4933 -0.0079
v 1.3547 0.4589 0.0242
v 1.9504 0.5756 -0.1354
vn 0.0560 0.6948 0.7170
f 1780//594 1781//594 1782//594
v 1.3457 0.4589 -0.0096
v 1.3547 0.4589 0.0242
v 1.3394 0.4933 -0.0079
vn -0.9491 -0.1859 0.2543
f 1783//595 1784//595 1785//595
v 1.9413 0.5756 -0.1692
v 1.9350 0.6099 -0.1675
v 1.9504 0.5756 -0.1354
vn 0.9491 0.1859 -0.2543
f 1786//596 1787//596 1788//596
v 1.9504 0.5756 -0.1354
v 2.5471 0.7366 -0.3315
v 2.5460 0.7700 -0.2950
vn 0.3884 -0.6744 0.6280
f 1789//597 1790//597 1791//597
v 1.9504 0.5756 -0.1354
v 1.9515 0.5422 -0.1719
v 2.5471 0.7366 -0.3315
vn 0.3884 -0.6744 0.6280
f 1792//598 1793//598 1794//598
v 1.9413 0.5756 -0.1692
v 1.9515 0.5422 -0.1719
v 1.9504 0.5756 -0.1354
vn -0.9212 -0.3007 0.2468
f 1795//599 1796//599 1797//599
v 2.5370 0.7700 -0.3288
v 2.5460 0.7700 -0.2950
v 2.5471 0.7366 -0.3315
vn 0.9212 0.3007 -0.2468
f 1798//600 1799//600 1800//600
v 1.9515 0.5422 -0.1719
v 2.5279 0.7700 -0.3626
v 2.5471 0.7366 -0.3315
vn 0.0224 -0.6744 -0.7380
f 1801//601 1802//601 1803//601
v 1.9515 0.5422 -0.1719
v 1.9322 0.5756 -0.2030
v 2.5279 0.7700 -0.3626
vn 0.0224 -0.6744 -0.7380
f 1804//602 1805//602 1806//602
v 1.9413 0.5756 -0.1692
v 1.9322 0.5756 -0.2030
v 1.9515 0.5422 -0.1719
vn -0.9212 -0.3007 0.2468
f 1807//603 1808//603 1809//603
v 2.5370 0.7700 -0.3288
v 2.5471 0.7366 -0.3315
v 2.5279 0.7700 -0.3626
vn 0.9212 0.3007 -0.2468
f 1810//604 1811//604 1812//604
v 1.9322 0.5756 -0.2030
v 2.5268 0.8034 -0.3261
v 2.5279 0.7700 -0.3626
vn -0.3884 0.6744 -0.6280
f 1813//605 1814//605 1815//605
v 1.9322 0.5756 -0.2030
v 1.9311 0.6089 -0.1665
v 2.5268 0.8034 -0.3261
vn -0.3884 0.6744 -0.6280
f 1816//606 1817//606 1818//606
v 1.9413 0.5756 -0.1692
v 1.9311 0.6089 -0.1665
v 1.9322 0.5756 -0.2030
vn -0.9212 -0.3007 0.2468
f 1819//607 1820//607 1821//607
v 2.5370 0.7700 -0.3288
v 2.5279 0.7700 -0.3626
v 2.5268 0.8034 -0.3261
vn 0.9212 0.3007 -0.2468
f 1822//608 1823//608 1824//608
v 1.9311 0.6089 -0.1665
v 2.5460 0.7700 -0.2950
v 2.5268 0.8034 -0.3261
vn -0.0224 0.6744 0.7380
f 1825//609 1826//609 1827//609
v 1.9311 0.6089 -0.1665
v 1.9504 0.5756 -0.1354
v 2.5460 0.7700 -0.2950
vn -0.0224 0.6744 0.7380
f 1828//610 1829//610 1830//610
v 1.9413 0.5756 -0.1692
v 1.9504 0.5756 -0.1354
v 1.9311 0.6089 -0.1665
vn -0.9212 -0.3007 0.2468
f 1831//611 1832//611 1833//611
v 2.5370 0.7700 -0.3288
v 2.5268 0.8034 -0.3261
v 2.5460 0.7700 -0.2950
vn 0.9212 0.3007 -0.2468
f 1834//612 1835//612 1836//612
v 0.7451 0.4200 0.1847
v 1.3628 0.4240 0.2361
v 1.3558 0.4589 0.2705
vn -0.0543 -0.7057 0.7064
f 1837//613 1838//613 1839//613
v 0.7451 0.4200 0.1847
v 0.7522 0.3851 0.1503
v 1.3628 0.4240 0.2361
vn -0.0543 -0.7057 0.7064
f 1840//614 1841//614 1842//614
v 0.7500 0.4200 0.1500
v 0.7522 0.3851 0.1503
v 0.7451 0.4200 0.1847
vn -0.9883 -0.0629 -0.1389
f 1843//615 1844//615 1845//615
v 1.3607 0.4589 0.2358
v 1.3558 0.4589 0.2705
v 1.3628 0.4240 0.2361
vn 0.9883 0.0629 0.1389
f 1846//616 1847//616 1848//616
v 0.7522 0.3851 0.1503
v 1.3655 0.4589 0.2012
v 1.3628 0.4240 0.2361
vn 0.1425 -0.7057 -0.6940
f 1849//617 1850//617 1851//617
v 0.7522 0.3851 0.1503
v 0.7549 0.4200 0.1153
v 1.3655 0.4589 0.2012
vn 0.1425 -0.7057 -0.6940
f 1852//618 1853//618 1854//618
v 0.7500 0.4200 0.1500
v 0.7549 0.4200 0.1153
v 0.7522 0.3851 0.1503
vn -0.9883 -0.0629 -0.1389
f 1855//619 1856//619 1857//619
v 1.3607 0.4589 0.2358
v 1.3628 0.4240 0.2361
v 1.3655 0.4589 0.2012
vn 0.9883 0.0629 0.1389
f 1858//620 1859//620 1860//620
v 0.7549 0.4200 0.1153
v 1.3585 0.4938 0.2355
v 1.3655 0.4589 0.2012
vn 0.0543 0.7057 -0.7064
f 1861//621 1862//621 1863//621
v 0.7549 0.4200 0.1153
v 0.7478 0.4549 0.1497
v 1.3585 0.4938 0.2355
vn 0.0543 0.7057 -0.7064
f 1864//622 1865//622 1866//622
v 0.7500 0.4200 0.1500
v 0.7478 0.4549 0.1497
v 0.7549 0.4200 0.1153
vn -0.9883 -0.0629 -0.1389
f 1867//623 1868//623 1869//623
v 1.3607 0.4589 0.2358
v 1.3655 0.4589 0.2012
v 1.3585 0.4938 0.2355
vn 0.9883 0.0629 0.1389
f 1870//624 1871//624 1872//624
v 0.7478 0.4549 0.1497
v 1.3558 0.4589 0.2705
v 1.3585 0.4938 0.2355
vn -0.1425 0.7057 0.6940
f 1873//625 1874//625 1875//625
v 0.7478 0.4549 0.1497
v 0.7451 0.4200 0.1847
v 1.3558 0.4589 0.2705
vn -0.1425 0.7057 0.6940
f 1876//626 1877//626 1878//626
v 0.7500 0.4200 0.1500
v 0.7451 0.4200 0.1847
v 0.7478 0.4549 0.1497
vn -0.9883 -0.0629 -0.1389
f 1879//627 1880//627 1881//627
v 1.3607 0.4589 0.2358
v 1.3585 0.4938 0.2355
v 1.3558 0.4589 0.2705
vn 0.9883 0.0629 0.1389
f 1882//628 1883//628 1884//628
v 1.3558 0.4589 0.2705
v 1.9778 0.5412 0.3226
v 1.9665 0.5756 0.3563
vn 0.0318 -0.6948 0.7185
f 1885//629 1886//629 1887//629
v 1.3558 0.4589 0.2705
v 1.3671 0.4245 0.2367
v 1.9778 0.5412 0.3226
vn 0.0318 -0.6948 0.7185
f 1888//630 1889//630 1890//630
v 1.3607 0.4589 0.2358
v 1.3671 0.4245 0.2367
v 1.3558 0.4589 0.2705
vn -0.9730 -0.1859 -0.1367
f 1891//631 1892//631 1893//631
v 1.9713 0.5756 0.3216
v 1.9665 0.5756 0.3563
v 1.9778 0.5412 0.3226
vn 0.9730 0.1859 0.1367
f 1894//632 1895//632 1896//632
v 1.3671 0.4245 0.2367
v 1.9762 0.5756 0.2870
v 1.9778 0.5412 0.3226
vn 0.2286 -0.6948 -0.6819
f 1897//633 1898//633 1899//633
v 1.3671 0.4245 0.2367
v 1.3655 0.4589 0.2012
v 1.9762 0.5756 0.2870
vn 0.2286 -0.6948 -0.6819
f 1900//634 1901//634 1902//634
v 1.3607 0.4589 0.2358
v 1.3655 0.4589 0.2012
v 1.3671 0.4245 0.2367
vn -0.9730 -0.1859 -0.1367
f 1903//635 1904//635 1905//635
v 1.9713 0.5756 0.3216
v 1.9778 0.5412 0.3226
v 1.9762 0.5756 0.2870
vn 0.9730 0.1859 0.1367
f 1906//636 1907//636 1908//636
v 1.3655 0.4589 0.2012
v 1.9649 0.6099 0.3207
v 1.9762 0.5756 0.2870
vn -0.0318 0.6948 -0.7185
f 1909//637 1910//637 1911//637
v 1.3655 0.4589 0.2012
v 1.3542 0.4933 0.2349
v 1.9649 0.6099 0.3207
vn -0.0318 0.6948 -0.7185
f 1912//638 1913//638 1914//638
v 1.3607 0.4589 0.2358
v 1.3542 0.4933 0.2349
v 1.3655 0.4589 0.2012
vn -0.9730 -0.1859 -0.1367
f 1915//639 1916//639 1917//639
v 1.9713 0.5756 0.3216
v 1.9762 0.5756 0.2870
v 1.9649 0.6099 0.3207
vn 0.9730 0.1859 0.1367
f 1918//640 1919//640 1920//640
v 1.3542 0.4933 0.2349
v 1.9665 0.5756 0.3563
v 1.9649 0.6099 0.3207
vn -0.2286 0.6948 0.6819
f 1921//641 1922//641 1923//641
v 1.3542 0.4933 0.2349
v 1.3558 0.4589 0.2705
v 1.9665 0.5756 0.3563
vn -0.2286 0.6948 0.6819
f 1924//642 1925//642 1926//642
v 1.3607 0.4589 0.2358
v 1.3558 0.4589 0.2705
v 1.3542 0.4933 0.2349
vn -0.9730 -0.1859 -0.1367
f 1927//643 1928//643 1929//643
v 1.9713 0.5756 0.3216
v 1.9649 0.6099 0.3207
v 1.9665 0.5756 0.3563
vn 0.9730 0.1859 0.1367
f 1930//644 1931//644 1932//644
v 1.9665 0.5756 0.3563
v 2.5924 0.7366 0.4089
v 2.5771 0.7700 0.4421
vn 0.1122 -0.6744 0.7298
f 1933//645 1934//645 1935//645
v 1.9665 0.5756 0.3563
v 1.9818 0.5422 0.3231
v 2.5924 0.7366 0.4089
vn 0.1122 -0.6744 0.7298
f 1936//646 1937//646 1938//646
v 1.9713 0.5756 0.3216
v 1.9818 0.5422 0.3231
v 1.9665 0.5756 0.3563
vn -0.9444 -0.3007 -0.1327
f 1939//647 1940//647 1941//647
v 2.5820 0.7700 0.4075
v 2.5771 0.7700 0.4421
v 2.5924 0.7366 0.4089
vn 0.9444 0.3007 0.1327
f 1942//648 1943//648 1944//648
v 1.9818 0.5422 0.3231
v 2.5869 0.7700 0.3728
v 2.5924 0.7366 0.4089
vn 0.3090 -0.6744 -0.6706
f 1945//649 1946//649 1947//649
v 1.9818 0.5422 0.3231
v 1.9762 0.5756 0.2870
v 2.5869 0.7700 0.3728
vn 0.3090 -0.6744 -0.6706
f 1948//650 1949//650 1950//650
v 1.9713 0.5756 0.3216
v 1.9762 0.5756 0.2870
v 1.9818 0.5422 0.3231
vn -0.9444 -0.3007 -0.1327
f 1951//651 1952//651 1953//651
v 2.5820 0.7700 0.4075
v 2.5924 0.7366 0.4089
v 2.5869 0.7700 0.3728
vn 0.9444 0.3007 0.1327
f 1954//652 1955//652 1956//652
v 1.9762 0.5756 0.2870
v 2.5716 0.8034 0.4060
v 2.5869 0.7700 0.3728
vn -0.1122 0.6744 -0.7298
f 1957//653 1958//653 1959//653
v 1.9762 0.5756 0.2870
v 1.9609 0.6089 0.3202
v 2.5716 0.8034 0.4060
vn -0.1122 0.6744 -0.7298
f 1960//654 1961//654 1962//654
v 1.9713 0.5756 0.3216
v 1.9609 0.6089 0.3202
v 1.9762 0.5756 0.2870
vn -0.9444 -0.3007 -0.1327
f 1963//655 1964//655 1965//655
v 2.5820 0.7700 0.4075
v 2.5869 0.7700 0.3728
v 2.5716 0.8034 0.4060
vn 0.9444 0.3007 0.1327
f 1966//656 1967//656 1968//656
v 1.9609 0.6089 0.3202
v 2.5771 0.7700 0.4421
v 2.5716 0.8034 0.4060
vn -0.3090 0.6744 0.6706
f 1969//657 1970//657 1971//657
v 1.9609 0.6089 0.3202
v 1.9665 0.5756 0.3563
v 2.5771 0.7700 0.4421
vn -0.3090 0.6744 0.6706
f 1972//658 1973//658 1974//658
v 1.9713 0.5756 0.3216
v 1.9665 0.5756 0.3563
v 1.9609 0.6089 0.3202
vn -0.9444 -0.3007 -0.1327
f 1975//659 1976//659 1977//659
v 2.5820 0.7700 0.4075
v 2.5716 0.8034 0.4060
v 2.5771 0.7700 0.4421
vn 0.9444 0.3007 0.1327
f 1978//660 1979//660 1980//660
v 0.7325 0.4200 0.1803
v 1.2860 0.4240 0.4594
v 1.2665 0.4589 0.4886
vn -0.3150 -0.7057 0.6346
f 1981//661 1982//661 1983//661
v 0.7325 0.4200 0.1803
v 0.7519 0.3851 0.1511
v 1.2860 0.4240 0.4594
vn -0.3150 -0.7057 0.6346
f 1984//662 1985//662 1986//662
v 0.7500 0.4200 0.1500
v 0.7519 0.3851 0.1511
v 0.7325 0.4200 0.1803
vn -0.8643 -0.0629 -0.4990
f 1987//663 1988//663 1989//663
v 1.2840 0.4589 0.4583
v 1.2665 0.4589 0.4886
v 1.2860 0.4240 0.4594
vn 0.8643 0.0629 0.4990
f 1990//664 1991//664 1992//664
v 0.7519 0.3851 0.1511
v 1.3015 0.4589 0.4280
v 1.2860 0.4240 0.4594
vn 0.3921 -0.7057 -0.5901
f 1993//665 1994//665 1995//665
v 0.7519 0.3851 0.1511
v 0.7675 0.4200 0.1197
v 1.3015 0.4589 0.4280
vn 0.3921 -0.7057 -0.5901
f 1996//666 1997//666 1998//666
v 0.7500 0.4200 0.1500
v 0.7675 0.4200 0.1197
v 0.7519 0.3851 0.1511
vn -0.8643 -0.0629 -0.4990
f 1999//667 2000//667 2001//667
v 1.2840 0.4589 0.4583
v 1.2860 0.4240 0.4594
v 1.3015 0.4589 0.4280
vn 0.8643 0.0629 0.4990
f 2002//668 2003//668 2004//668
v 0.7675 0.4200 0.1197
v 1.2821 0.4938 0.4572
v 1.3015 0.4589 0.4280
vn 0.3150 0.7057 -0.6346
f 2005//669 2006//669 2007//669
v 0.7675 0.4200 0.1197
v 0.7481 0.4549 0.1489
v 1.2821 0.4938 0.4572
vn 0.3150 0.7057 -0.6346
f 2008//670 2009//670 2010//670
v 0.7500 0.4200 0.1500
v 0.7481 0.4549 0.1489
v 0.7675 0.4200 0.1197
vn -0.8643 -0.0629 -0.4990
f 2011//671 2012//671 2013//671
v 1.2840 0.4589 0.4583
v 1.3015 0.4589 0.4280
v 1.2821 0.4938 0.4572
vn 0.8643 0.0629 0.4990
f 2014//672 2015//672 2016//672
v 0.7481 0.4549 0.1489
v 1.2665 0.4589 0.4886
v 1.2821 0.4938 0.4572
vn -0.3921 0.7057 0.5901
f 2017//673 2018//673 2019//673
v 0.7481 0.4549 0.1489
v 0.7325 0.4200 0.1803
v 1.2665 0.4589 0.4886
vn -0.3921 0.7057 0.5901
f 2020//674 2021//674 2022//674
v 0.7500 0.4200 0.1500
v 0.7325 0.4200 0.1803
v 0.7481 0.4549 0.1489
vn -0.8643 -0.0629 -0.4990
f 2023//675 2024//675 2025//675
v 1.2840 0.4589 0.4583
v 1.2821 0.4938 0.4572
v 1.2665 0.4589 0.4886
vn 0.8643 0.0629 0.4990
f 2026//676 2027//676 2028//676
v 1.2665 0.4589 0.4886
v 1.8237 0.5412 0.7699
v 1.8006 0.5756 0.7970
vn -0.2397 -0.6948 0.6781
f 2029//677 2030//677 2031//677
v 1.2665 0.4589 0.4886
v 1.2897 0.4245 0.4616
v 1.8237 0.5412 0.7699
vn -0.2397 -0.6948 0.6781
f 2032//678 2033//678 2034//678
v 1.2840 0.4589 0.4583
v 1.2897 0.4245 0.4616
v 1.2665 0.4589 0.4886
vn -0.8509 -0.1859 -0.4913
f 2035//679 2036//679 2037//679
v 1.8181 0.5756 0.7667
v 1.8006 0.5756 0.7970
v 1.8237 0.5412 0.7699
vn 0.8509 0.1859 0.4913
f 2038//680 2039//680 2040//680
v 1.2897 0.4245 0.4616
v 1.8356 0.5756 0.7364
v 1.8237 0.5412 0.7699
vn 0.4674 -0.6948 -0.5466
f 2041//681 2042//681 2043//681
v 1.2897 0.4245 0.4616
v 1.3015 0.4589 0.4280
v 1.8356 0.5756 0.7364
vn 0.4674 -0.6948 -0.5466
f 2044//682 2045//682 2046//682
v 1.2840 0.4589 0.4583
v 1.3015 0.4589 0.4280
v 1.2897 0.4245 0.4616
vn -0.8509 -0.1859 -0.4913
f 2047//683 2048//683 2049//683
v 1.8181 0.5756 0.7667
v 1.8237 0.5412 0.7699
v 1.8356 0.5756 0.7364
vn 0.8509 0.1859 0.4913
f 2050//684 2051//684 2052//684
v 1.3015 0.4589 0.4280
v 1.8125 0.6099 0.7634
v 1.8356 0.5756 0.7364
vn 0.2397 0.6948 -0.6781
f 2053//685 2054//685 2055//685
v 1.3015 0.4589 0.4280
v 1.2784 0.4933 0.4551
v 1.8125 0.6099 0.7634
vn 0.2397 0.6948 -0.6781
f 2056//686 2057//686 2058//686
v 1.2840 0.4589 0.4583
v 1.2784 0.4933 0.4551
v 1.3015 0.4589 0.4280
vn -0.8509 -0.1859 -0.4913
f 2059//687 2060//687 2061//687
v 1.8181 0.5756 0.7667
v 1.8356 0.5756 0.7364
v 1.8125 0.6099 0.7634
vn 0.8509 0.1859 0.4913
f 2062//688 2063//688 2064//688
v 1.2784 0.4933 0.4551
v 1.8006 0.5756 0.7970
v 1.8125 0.6099 0.7634
vn -0.4674 0.6948 0.5466
f 2065//689 2066//689 2067//689
v 1.2784 0.4933 0.4551
v 1.2665 0.4589 0.4886
v 1.8006 0.5756 0.7970
vn -0.4674 0.6948 0.5466
f 2068//690 2069//690 2070//690
v 1.2840 0.4589 0.4583
v 1.2665 0.4589 0.4886
v 1.2784 0.4933 0.4551
vn -0.8509 -0.1859 -0.4913
f 2071//691 2072//691 2073//691
v 1.8181 0.5756 0.7667
v 1.8125 0.6099 0.7634
v 1.8006 0.5756 0.7970
vn 0.8509 0.1859 0.4913
f 2074//692 2075//692 2076//692
v 1.8006 0.5756 0.7970
v 2.3613 0.7366 1.0803
v 2.3346 0.7700 1.1053
vn -0.1694 -0.6744 0.7187
f 2077//693 2078//693 2079//693
v 1.8006 0.5756 0.7970
v 1.8272 0.5422 0.7719
v 2.3613 0.7366 1.0803
vn -0.1694 -0.6744 0.7187
f 2080//694 2081//694 2082//694
v 1.8181 0.5756 0.7667
v 1.8272 0.5422 0.7719
v 1.8006 0.5756 0.7970
vn -0.8259 -0.3007 -0.4769
f 2083//695 2084//695 2085//695
v 2.3521 0.7700 1.0750
v 2.3346 0.7700 1.1053
v 2.3613 0.7366 1.0803
vn 0.8259 0.3007 0.4769
f 2086//696 2087//696 2088//696
v 1.8272 0.5422 0.7719
v 2.3696 0.7700 1.0447
v 2.3613 0.7366 1.0803
vn 0.5377 -0.6744 -0.5061
f 2089//697 2090//697 2091//697
v 1.8272 0.5422 0.7719
v 1.8356 0.5756 0.7364
v 2.3696 0.7700 1.0447
vn 0.5377 -0.6744 -0.5061
f 2092//698 2093//698 2094//698
v 1.8181 0.5756 0.7667
v 1.8356 0.5756 0.7364
v 1.8272 0.5422 0.7719
vn -0.8259 -0.3007 -0.4769
f 2095//699 2096//699 2097//699
v 2.3521 0.7700 1.0750
v 2.3613 0.7366 1.0803
v 2.3696 0.7700 1.0447
vn 0.8259 0.3007 0.4769
f 2098//700 2099//700 2100//700
v 1.8356 0.5756 0.7364
v 2.3430 0.8034 1.0697
v 2.3696 0.7700 1.0447
vn 0.1694 0.6744 -0.7187
f 2101//701 2102//701 2103//701
v 1.8356 0.5756 0.7364
v 1.8090 0.6089 0.7614
v 2.3430 0.8034 1.0697
vn 0.1694 0.6744 -0.7187
f 2104//702 2105//702 2106//702
v 1.8181 0.5756 0.7667
v 1.8090 0.6089 0.7614
v 1.8356 0.5756 0.7364
vn -0.8259 -0.3007 -0.4769
f 2107//703 2108//703 2109//703
v 2.3521 0.7700 1.0750
v 2.3696 0.7700 1.0447
v 2.3430 0.8034 1.0697
vn 0.8259 0.3007 0.4769
f 2110//704 2111//704 2112//704
v 1.8090 0.6089 0.7614
v 2.3346 0.7700 1.1053
v 2.3430 0.8034 1.0697
vn -0.5377 0.6744 0.5061
f 2113//705 2114//705 2115//705
v 1.8090 0.6089 0.7614
v 1.8006 0.5756 0.7970
v 2.3346 0.7700 1.1053
vn -0.5377 0.6744 0.5061
f 2116//706 2117//706 2118//706
v 1.8181 0.5756 0.7667
v 1.8006 0.5756 0.7970
v 1.8090 0.6089 0.7614
vn -0.8259 -0.3007 -0.4769
f 2119//707 2120//707 2121//707
v 2.3521 0.7700 1.0750
v 2.3430 0.8034 1.0697
v 2.3346 0.7700 1.1053
vn 0.8259 0.3007 0.4769
f 2122//708 2123//708 2124//708
v -0.3000 0.1000 1.4500
v -0.1697 -0.0697 2.0000
v -0.2400 0.1000 2.0000
vn -0.9192 -0.3808 0.1003
f 2125//709 2126//709 2127//709
v -0.3000 0.1000 1.4500
v -0.2121 -0.1121 1.4500
v -0.1697 -0.0697 2.0000
vn -0.9192 -0.3808 0.1003
f 2128//710 2129//710 2130//710
v 0.0000 0.1000 1.4500
v -0.2121 -0.1121 1.4500
v -0.3000 0.1000 1.4500
vn -0.0000 0.0000 -1.0000
f 2131//711 2132//711 2133//711
v 0.0000 0.1000 2.0000
v -0.2400 0.1000 2.0000
v -0.1697 -0.0697 2.0000
vn 0.0000 0.0000 1.0000
f 2134//712 2135//712 2136//712
v -0.2121 -0.1121 1.4500
v -0.0000 -0.1400 2.0000
v -0.1697 -0.0697 2.0000
vn -0.3808 -0.9192 0.1003
f 2137//713 2138//713 2139//713
v -0.2121 -0.1121 1.4500
v -0.0000 -0.2000 1.4500
v -0.0000 -0.1400 2.0000
vn -0.3808 -0.9192 0.1003
f 2140//714 2141//714 2142//714
v 0.0000 0.1000 1.4500
v -0.0000 -0.2000 1.4500
v -0.2121 -0.1121 1.4500
vn 0.0000 0.0000 -1.0000
f 2143//715 2144//715 2145//715
v 0.0000 0.1000 2.0000
v -0.1697 -0.0697 2.0000
v -0.0000 -0.1400 2.0000
vn 0.0000 0.0000 1.0000
f 2146//716 2147//716 2148//716
v -0.0000 -0.2000 1.4500
v 0.1697 -0.0697 2.0000
v -0.0000 -0.1400 2.0000
vn 0.3808 -0.9192 0.1003
f 2149//717 2150//717 2151//717
v -0.0000 -0.2000 1.4500
v 0.2121 -0.1121 1.4500
v 0.1697 -0.0697 2.0000
vn 0.3808 -0.9192 0.1003
f 2152//718 2153//718 2154//718
v 0.0000 0.1000 1.4500
v 0.2121 -0.1121 1.4500
v -0.0000 -0.2000 1.4500
vn 0.0000 -0.0000 -1.0000
f 2155//719 2156//719 2157//719
v 0.0000 0.1000 2.0000
v -0.0000 -0.1400 2.0000
v 0.1697 -0.0697 2.0000
vn 0.0000 0.0000 1.0000
f 2158//720 2159//720 2160//720
v 0.2121 -0.1121 1.4500
v 0.2400 0.1000 2.0000
v 0.1697 -0.0697 2.0000
vn 0.9192 -0.3808 0.1003
f 2161//721 2162//721 2163//721
v 0.2121 -0.1121 1.4500
v 0.3000 0.1000 1.4500
v 0.2400 0.1000 2.0000
vn 0.9192 -0.3808 0.1003
f 2164//722 2165//722 2166//722
v 0.0000 0.1000 1.4500
v 0.3000 0.1000 1.4500
v 0.2121 -0.1121 1.4500
vn 0.0000 0.0000 -1.0000
f 2167//723 2168//723 2169//723
v 0.0000 0.1000 2.0000
v 0.1697 -0.0697 2.0000
v 0.2400 0.1000 2.0000
vn 0.0000 0.0000 1.0000
f 2170//724 2171//724 2172//724
v 0.3000 0.1000 1.4500
v 0.1697 0.2697 2.0000
v 0.2400 0.1000 2.0000
vn 0.9192 0.3808 0.1003
f 2173//725 2174//725 2175//725
v 0.3000 0.1000 1.4500
v 0.2121 0.3121 1.4500
v 0.1697 0.2697 2.0000
vn 0.9192 0.3808 0.1003
f 2176//726 2177//726 2178//726
v 0.0000 0.1000 1.4500
v 0.2121 0.3121 1.4500
v 0.3000 0.1000 1.4500
vn 0.0000 0.0000 -1.0000
f 2179//727 2180//727 2181//727
v 0.0000 0.1000 2.0000
v 0.2400 0.1000 2.0000
v 0.1697 0.2697 2.0000
vn -0.0000 0.0000 1.0000
f 2182//728 2183//728 2184//728
v 0.2121 0.3121 1.4500
v 0.0000 0.3400 2.0000
v 0.1697 0.2697 2.0000
vn 0.3808 0.9192 0.1003
f 2185//729 2186//729 2187//729
v 0.2121 0.3121 1.4500
v 0.0000 0.4000 1.4500
v 0.0000 0.3400 2.0000
vn 0.3808 0.9192 0.1003
f 2188//730 2189//730 2190//730
v 0.0000 0.1000 1.4500
v 0.0000 0.4000 1.4500
v 0.2121 0.3121 1.4500
vn 0.0000 0.0000 -1.0000
f 2191//731 2192//731 2193//731
v 0.0000 0.1000 2.0000
v 0.1697 0.2697 2.0000
v 0.0000 0.3400 2.0000
vn 0.0000 0.0000 1.0000
f 2194//732 2195//732 2196//732
v 0.0000 0.4000 1.4500
v -0.1697 0.2697 2.0000
v 0.0000 0.3400 2.0000
vn -0.3808 0.9192 0.1003
f 2197//733 2198//733 2199//733
v 0.0000 0.4000 1.4500
v -0.2121 0.3121 1.4500
v -0.1697 0.2697 2.0000
vn -0.3808 0.9192 0.1003
f 2200//734 2201//734 2202//734
v 0.0000 0.1000 1.4500
v -0.2121 0.3121 1.4500
v 0.0000 0.4000 1.4500
vn 0.0000 0.0000 -1.0000
f 2203//735 2204//735 2205//735
v 0.0000 0.1000 2.0000
v 0.0000 0.3400 2.0000
v -0.1697 0.2697 2.0000
vn 0.0000 -0.0000 1.0000
f 2206//736 2207//736 2208//736
v -0.2121 0.3121 1.4500
v -0.2400 0.1000 2.0000
v -0.1697 0.2697 2.0000
vn -0.9192 0.3808 0.1003
f 2209//737 2210//737 2211//737
v -0.2121 0.3121 1.4500
v -0.3000 0.1000 1.4500
v -0.2400 0.1000 2.0000
vn -0.9192 0.3808 0.1003
f 2212//738 2213//738 2214//738
v 0.0000 0.1000 1.4500
v -0.3000 0.1000 1.4500
v -0.2121 0.3121 1.4500
vn 0.0000 0.0000 -1.0000
f 2215//739 2216//739 2217//739
v 0.0000 0.1000 2.0000
v -0.1697 0.2697 2.0000
v -0.2400 0.1000 2.0000
vn 0.0000 0.0000 1.0000
f 2218//740 2219//740 2220//740
o dark
usemtl dark
s off
v -0.2200 0.1000 2.0000
v -0.1556 -0.0556 2.0600
v -0.2200 0.1000 2.0600
vn -0.9239 -0.3827 0.0000
f 2221//741 2222//741 2223//741
v -0.2200 0.1000 2.0000
v -0.1556 -0.0556 2.0000
v -0.1556 -0.0556 2.0600
vn -0.9239 -0.3827 0.0000
f 2224//742 2225//742 2226//742
v 0.0000 0.1000 2.0000
v -0.1556 -0.0556 2.0000
v -0.2200 0.1000 2.0000
vn -0.0000 0.0000 -1.0000
f 2227//743 2228//743 2229//743
v 0.0000 0.1000 2.0600
v -0.2200 0.1000 2.0600
v -0.1556 -0.0556 2.0600
vn 0.0000 0.0000 1.0000
f 2230//744 2231//744 2232//744
v -0.1556 -0.0556 2.0000
v -0.0000 -0.1200 2.0600
v -0.1556 -0.0556 2.0600
vn -0.3827 -0.9239 0.0000
f 2233//745 2234//745 2235//745
v -0.1556 -0.0556 2.0000
v -0.0000 -0.1200 2.0000
v -0.0000 -0.1200 2.0600
vn -0.3827 -0.9239 0.0000
f 2236//746 2237//746 2238//746
v 0.0000 0.1000 2.0000
v -0.0000 -0.1200 2.0000
v -0.1556 -0.0556 2.0000
vn 0.0000 0.0000 -1.0000
f 2239//747 2240//747 2241//747
v 0.0000 0.1000 2.0600
v -0.1556 -0.0556 2.0600
v -0.0000 -0.1200 2.0600
vn 0.0000 0.0000 1.0000
f 2242//748 2243//748 2244//748
v -0.0000 -0.1200 2.0000
v 0.1556 -0.0556 2.0600
v -0.0000 -0.1200 2.0600
vn 0.3827 -0.9239 0.0000
f 2245//749 2246//749 2247//749
v -0.0000 -0.1200 2.0000
v 0.1556 -0.0556 2.0000
v 0.1556 -0.0556 2.0600
vn 0.3827 -0.9239 0.0000
f 2248//750 2249//750 2250//750
v 0.0000 0.1000 2.0000
v 0.1556 -0.0556 2.0000
v -0.0000 -0.1200 2.0000
vn 0.0000 -0.0000 -1.0000
f 2251//751 2252//751 2253//751
v 0.0000 0.1000 2.0600
v -0.0000 -0.1200 2.0600
v 0.1556 -0.0556 2.0600
vn 0.0000 0.0000 1.0000
f 2254//752 2255//752 2256//752
v 0.1556 -0.0556 2.0000
v 0.2200 0.1000 2.0600
v 0.1556 -0.0556 2.0600
vn 0.9239 -0.3827 0.0000
f 2257//753 2258//753 2259//753
v 0.1556 -0.0556 2.0000
v 0.2200 0.1000 2.0000
v 0.2200 0.1000 2.0600
vn 0.9239 -0.3827 0.0000
f 2260//754 2261//754 2262//754
v 0.0000 0.1000 2.0000
v 0.2200 0.1000 2.0000
v 0.1556 -0.0556 2.0000
vn 0.0000 0.0000 -1.0000
f 2263//755 2264//755 2265//755
v 0.0000 0.1000 2.0600
v 0.1556 -0.0556 2.0600
v 0.2200 0.1000 2.0600
vn 0.0000 0.0000 1.0000
f 2266//756 2267//756 2268//756
v 0.2200 0.1000 2.0000
v 0.1556 0.2556 2.0600
v 0.2200 0.1000 2.0600
vn 0.9239 0.3827 -0.0000
f 2269//757 2270//757 2271//757
v 0.2200 0.1000 2.0000
v 0.1556 0.2556 2.0000
v 0.1556 0.2556 2.0600
vn 0.9239 0.3827 0.0000
f 2272//758 2273//758 2274//758
v 0.0000 0.1000 2.0000
v 0.1556 0.2556 2.0000
v 0.2200 0.1000 2.0000
vn 0.0000 0.0000 -1.0000
f 2275//759 2276//759 2277//759
v 0.0000 0.1000 2.0600
v 0.2200 0.1000 2.0600
v 0.1556 0.2556 2.0600
vn -0.0000 0.0000 1.0000
f 2278//760 2279//760 2280//760
v 0.1556 0.2556 2.0000
v 0.0000 0.3200 2.0600
v 0.1556 0.2556 2.0600
vn 0.3827 0.9239 -0.0000
f 2281//761 2282//761 2283//761
v 0.1556 0.2556 2.0000
v 0.0000 0.3200 2.0000
v 0.0000 0.3200 2.0600
vn 0.3827 0.9239 0.0000
f 2284//762 2285//762 2286//762
v 0.0000 0.1000 2.0000
v 0.0000 0.3200 2.0000
v 0.1556 0.2556 2.0000
vn 0.0000 0.0000 -1.0000
f 2287//763 2288//763 2289//763
v 0.0000 0.1000 2.0600
v 0.1556 0.2556 2.0600
v 0.0000 0.3200 2.0600
vn 0.0000 0.0000 1.0000
f 2290//764 2291//764 2292//764
v 0.0000 0.3200 2.0000
v -0.1556 0.2556 2.0600
v 0.0000 0.3200 2.0600
vn -0.3827 0.9239 0.0000
f 2293//765 2294//765 2295//765
v 0.0000 0.3200 2.0000
v -0.1556 0.2556 2.0000
v -0.1556 0.2556 2.0600
vn -0.3827 0.9239 0.0000
f 2296//766 2297//766 2298//766
v 0.0000 0.1000 2.0000
v -0.1556 0.2556 2.0000
v 0.0000 0.3200 2.0000
vn 0.0000 0.0000 -1.0000
f 2299//767 2300//767 2301//767
v 0.0000 0.1000 2.0600
v 0.0000 0.3200 2.0600
v -0.1556 0.2556 2.0600
vn 0.0000 -0.0000 1.0000
f 2302//768 2303//768 2304//768
v -0.1556 0.2556 2.0000
v -0.2200 0.1000 2.0600
v -0.1556 0.2556 2.0600
vn -0.9239 0.3827 0.0000
f 2305//769 2306//769 2307//769
v -0.1556 0.2556 2.0000
v -0.2200 0.1000 2.0000
v -0.2200 0.1000 2.0600
vn -0.9239 0.3827 0.0000
f 2308//770 2309//770 2310//770
v 0.0000 0.1000 2.0000
v -0.2200 0.1000 2.0000
v -0.1556 0.2556 2.0000
vn 0.0000 0.0000 -1.0000
f 2311//771 2312//771 2313//771
v 0.0000 0.1000 2.0600
v -0.1556 0.2556 2.0600
v -0.2200 0.1000 2.0600
vn 0.0000 0.0000 1.0000
f 2314//772 2315//772 2316//772
o deck
usemtl deck
s off
v 0.0285 0.5500 -2.0000
v -0.3544 0.4608 -1.5556
v 0.3544 0.4608 -1.5556
vn 0.0000 0.9804 0.1969
f 2317//773 2318//773 2319//773
v 0.0285 0.5500 -2.0000
v -0.0285 0.5500 -2.0000
v -0.3544 0.4608 -1.5556
vn 0.0000 0.9804 0.1969
f 2320//774 2321//774 2322//774
v 0.3544 0.4608 -1.5556
v -0.5757 0.3920 -1.1111
v 0.5757 0.3920 -1.1111
vn 0.0000 0.9882 0.1529
f 2323//775 2324//775 2325//775
v 0.3544 0.4608 -1.5556
v -0.3544 0.4608 -1.5556
v -0.5757 0.3920 -1.1111
vn 0.0000 0.9882 0.1529
f 2326//776 2327//776 2328//776
v 0.5757 0.3920 -1.1111
v -0.7646 0.3432 -0.6667
v 0.7646 0.3432 -0.6667
vn 0.0000 0.9940 0.1091
f 2329//777 2330//777 2331//777
v 0.5757 0.3920 -1.1111
v -0.5757 0.3920 -1.1111
v -0.7646 0.3432 -0.6667
vn 0.0000 0.9940 0.1091
f 2332//778 2333//778 2334//778
v 0.7646 0.3432 -0.6667
v -0.9352 0.3151 -0.2222
v 0.9352 0.3151 -0.2222
vn 0.0000 0.9980 0.0631
f 2335//779 2336//779 2337//779
v 0.7646 0.3432 -0.6667
v -0.7646 0.3432 -0.6667
v -0.9352 0.3151 -0.2222
vn 0.0000 0.9980 0.0631
f 2338//780 2339//780 2340//780
v 0.9352 0.3151 -0.2222
v -0.9500 0.3097 0.2222
v 0.9500 0.3097 0.2222
vn 0.0000 0.9999 0.0122
f 2341//781 2342//781 2343//781
v 0.9352 0.3151 -0.2222
v -0.9352 0.3151 -0.2222
v -0.9500 0.3097 0.2222
vn 0.0000 0.9999 0.0122
f 2344//782 2345//782 2346//782
v 0.9500 0.3097 0.2222
v -0.9025 0.3302 0.6667
v 0.9025 0.3302 0.6667
vn 0.0000 0.9989 -0.0462
f 2347//783 2348//783 2349//783
v 0.9500 0.3097 0.2222
v -0.9500 0.3097 0.2222
v -0.9025 0.3302 0.6667
vn 0.0000 0.9989 -0.0462
f 2350//784 2351//784 2352//784
v 0.9025 0.3302 0.6667
v -0.8233 0.3814 1.1111
v 0.8233 0.3814 1.1111
vn 0.0000 0.9934 -0.1143
f 2353//785 2354//785 2355//785
v 0.9025 0.3302 0.6667
v -0.9025 0.3302 0.6667
v -0.8233 0.3814 1.1111
vn 0.0000 0.9934 -0.1143
f 2356//786 2357//786 2358//786
v 0.8233 0.3814 1.1111
v -0.7442 0.4689 1.5556
v 0.7442 0.4689 1.5556
vn 0.0000 0.9811 -0.1933
f 2359//787 2360//787 2361//787
v 0.8233 0.3814 1.1111
v -0.8233 0.3814 1.1111
v -0.7442 0.4689 1.5556
vn 0.0000 0.9811 -0.1933
f 2362//788 2363//788 2364//788
v 0.7442 0.4689 1.5556
v -0.6650 0.6000 2.0000
v 0.6650 0.6000 2.0000
vn 0.0000 0.9592 -0.2829
f 2365//789 2366//789 2367//789
v 0.7442 0.4689 1.5556
v -0.7442 0.4689 1.5556
v -0.6650 0.6000 2.0000
vn 0.0000 0.9592 -0.2829
f 2368//790 2369//790 2370//790
o glow
usemtl glow
s off
v -0.4500 0.8000 1.6800
v -0.5106 1.0500 1.7150
v -0.4500 1.0500 1.6800
vn -0.5000 0.0000 -0.8660
f 2371//791 2372//791 2373//791
v -0.4500 0.8000 1.6800
v -0.5106 0.8000 1.7150
v -0.5106 1.0500 1.7150
vn -0.5000 0.0000 -0.8660
f 2374//792 2375//792 2376//792
v -0.4500 0.8000 1.7500
v -0.5106 0.8000 1.7150
v -0.4500 0.8000 1.6800
vn 0.0000 -1.0000 -0.0000
f 2377//793 2378//793 2379//793
v -0.4500 1.0500 1.7500
v -0.4500 1.0500 1.6800
v -0.5106 1.0500 1.7150
vn 0.0000 1.0000 0.0000
f 2380//794 2381//794 2382//794
v -0.5106 0.8000 1.7150
v -0.5106 1.0500 1.7850
v -0.5106 1.0500 1.7150
vn -1.0000 0.0000 0.0000
f 2383//795 2384//795 2385//795
v -0.5106 0.8000 1.7150
v -0.5106 0.8000 1.7850
v -0.5106 1.0500 1.7850
vn -1.0000 0.0000 0.0000
f 2386//796 2387//796 2388//796
v -0.4500 0.8000 1.7500
v -0.5106 0.8000 1.7850
v -0.5106 0.8000 1.7150
vn -0.0000 -1.0000 0.0000
f 2389//797 2390//797 2391//797
v -0.4500 1.0500 1.7500
v -0.5106 1.0500 1.7150
v -0.5106 1.0500 1.7850
vn 0.0000 1.0000 0.0000
f 2392//798 2393//798 2394//798
v -0.5106 0.8000 1.7850
v -0.4500 1.0500 1.8200
v -0.5106 1.0500 1.7850
vn -0.5000 0.0000 0.8660
f 2395//799 2396//799 2397//799
v -0.5106 0.8000 1.7850
v -0.4500 0.8000 1.8200
v -0.4500 1.0500 1.8200
vn -0.5000 0.0000 0.8660
f 2398//800 2399//800 2400//800
v -0.4500 0.8000 1.7500
v -0.4500 0.8000 1.8200
v -0.5106 0.8000 1.7850
vn 0.0000 -1.0000 0.0000
f 2401//801 2402//801 2403//801
v -0.4500 1.0500 1.7500
v -0.5106 1.0500 1.7850
v -0.4500 1.0500 1.8200
vn 0.0000 1.0000 -0.0000
f 2404//802 2405//802 2406//802
v -0.4500 0.8000 1.8200
v -0.3894 1.0500 1.7850
v -0.4500 1.0500 1.8200
vn 0.5000 -0.0000 0.8660
f 2407//803 2408//803 2409//803
v -0.4500 0.8000 1.8200
v -0.3894 0.8000 1.7850
v -0.3894 1.0500 1.7850
vn 0.5000 0.0000 0.8660
f 2410//804 2411//804 2412//804
v -0.4500 0.8000 1.7500
v -0.3894 0.8000 1.7850
v -0.4500 0.8000 1.8200
vn 0.0000 -1.0000 0.0000
f 2413//805 2414//805 2415//805
v -0.4500 1.0500 1.7500
v -0.4500 1.0500 1.8200
v -0.3894 1.0500 1.7850
vn 0.0000 1.0000 0.0000
f 2416//806 2417//806 2418//806
v -0.3894 0.8000 1.7850
v -0.3894 1.0500 1.7150
v -0.3894 1.0500 1.7850
vn 1.0000 -0.0000 0.0000
f 2419//807 2420//807 2421//807
v -0.3894 0.8000 1.7850
v -0.3894 0.8000 1.7150
v -0.3894 1.0500 1.7150
vn 1.0000 0.0000 0.0000
f 2422//808 2423//808 2424//808
v -0.4500 0.8000 1.7500
v -0.3894 0.8000 1.7150
v -0.3894 0.8000 1.7850
vn 0.0000 -1.0000 0.0000
f 2425//809 2426//809 2427//809
v -0.4500 1.0500 1.7500
v -0.3894 1.0500 1.7850
v -0.3894 1.0500 1.7150
vn -0.0000 1.0000 0.0000
f 2428//810 2429//810 2430//810
v -0.3894 0.8000 1.7150
v -0.4500 1.0500 1.6800
v -0.3894 1.0500 1.7150
vn 0.5000 0.0000 -0.8660
f 2431//811 2432//811 2433//811
v -0.3894 0.8000 1.7150
v -0.4500 0.8000 1.6800
v -0.4500 1.0500 1.6800
vn 0.5000 0.0000 -0.8660
f 2434//812 2435//812 2436//812
v -0.4500 0.8000 1.7500
v -0.4500 0.8000 1.6800
v -0.3894 0.8000 1.7150
vn 0.0000 -1.0000 0.0000
f 2437//813 2438//813 2439//813
v -0.4500 1.0500 1.7500
v -0.3894 1.0500 1.7150
v -0.4500 1.0500 1.6800
vn 0.0000 1.0000 0.0000
f 2440//814 2441//814 2442//814
v 0.4500 0.8000 1.6800
v 0.3894 1.0500 1.7150
v 0.4500 1.0500 1.6800
vn -0.5000 0.0000 -0.8660
f 2443//815 2444//815 2445//815
v 0.4500 0.8000 1.6800
v 0.3894 0.8000 1.7150
v 0.3894 1.0500 1.7150
vn -0.5000 0.0000 -0.8660
f 2446//816 2447//816 2448//816
v 0.4500 0.8000 1.7500
v 0.3894 0.8000 1.7150
v 0.4500 0.8000 1.6800
vn 0.0000 -1.0000 -0.0000
f 2449//817 2450//817 2451//817
v 0.4500 1.0500 1.7500
v 0.4500 1.0500 1.6800
v 0.3894 1.0500 1.7150
vn 0.0000 1.0000 0.0000
f 2452//818 2453//818 2454//818
v 0.3894 0.8000 1.7150
v 0.3894 1.0500 1.7850
v 0.3894 1.0500 1.7150
vn -1.0000 0.0000 0.0000
f 2455//819 2456//819 2457//819
v 0.3894 0.8000 1.7150
v 0.3894 0.8000 1.7850
v 0.3894 1.0500 1.7850
vn -1.0000 0.0000 0.0000
f 2458//820 2459//820 2460//820
v 0.4500 0.8000 1.7500
v 0.3894 0.8000 1.7850
v 0.3894 0.8000 1.7150
vn -0.0000 -1.0000 0.0000
f 2461//821 2462//821 2463//821
v 0.4500 1.0500 1.7500
v 0.3894 1.0500 1.7150
v 0.3894 1.0500 1.7850
vn 0.0000 1.0000 0.0000
f 2464//822 2465//822 2466//822
v 0.3894 0.8000 1.7850
v 0.4500 1.0500 1.8200
v 0.3894 1.0500 1.7850
vn -0.5000 0.0000 0.8660
f 2467//823 2468//823 2469//823
v 0.3894 0.8000 1.7850
v 0.4500 0.8000 1.8200
v 0.4500 1.0500 1.8200
vn -0.5000 0.0000 0.8660
f 2470//824 2471//824 2472//824
v 0.4500 0.8000 1.7500
v 0.4500 0.8000 1.8200
v 0.3894 0.8000 1.7850
vn 0.0000 -1.0000 0.0000
f 2473//825 2474//825 2475//825
v 0.4500 1.0500 1.7500
v 0.3894 1.0500 1.7850
v 0.4500 1.0500 1.8200
vn 0.0000 1.0000 -0.0000
f 2476//826 2477//826 2478//826
v 0.4500 0.8000 1.8200
v 0.5106 1.0500 1.7850
v 0.4500 1.0500 1.8200
vn 0.5000 -0.0000 0.8660
f 2479//827 2480//827 2481//827
v 0.4500 0.8000 1.8200
v 0.5106 0.8000 1.7850
v 0.5106 1.0500 1.7850
vn 0.5000 0.0000 0.8660
f 2482//828 2483//828 2484//828
v 0.4500 0.8000 1.7500
v 0.5106 0.8000 1.7850
v 0.4500 0.8000 1.8200
vn 0.0000 -1.0000 0.0000
f 2485//829 2486//829 2487//829
v 0.4500 1.0500 1.7500
v 0.4500 1.0500 1.8200
v 0.5106 1.0500 1.7850
vn 0.0000 1.0000 0.0000
f 2488//830 2489//830 2490//830
v 0.5106 0.8000 1.7850
v 0.5106 1.0500 1.7150
v 0.5106 1.0500 1.7850
vn 1.0000 -0.0000 0.0000
f 2491//831 2492//831 2493//831
v 0.5106 0.8000 1.7850
v 0.5106 0.8000 1.7150
v 0.5106 1.0500 1.7150
vn 1.0000 0.0000 0.0000
f 2494//832 2495//832 2496//832
v 0.4500 0.8000 1.7500
v 0.5106 0.8000 1.7150
v 0.5106 0.8000 1.7850
vn 0.0000 -1.0000 0.0000
f 2497//833 2498//833 2499//833
v 0.4500 1.0500 1.7500
v 0.5106 1.0500 1.7850
v 0.5106 1.0500 1.7150
vn -0.0000 1.0000 0.0000
f 2500//834 2501//834 2502//834
v 0.5106 0.8000 1.7150
v 0.4500 1.0500 1.6800
v 0.5106 1.0500 1.7150
vn 0.5000 0.0000 -0.8660
f 2503//835 2504//835 2505//835
v 0.5106 0.8000 1.7150
v 0.4500 0.8000 1.6800
v 0.4500 1.0500 1.6800
vn 0.5000 0.0000 -0.8660
f 2506//836 2507//836 2508//836
v 0.4500 0.8000 1.7500
v 0.4500 0.8000 1.6800
v 0.5106 0.8000 1.7150
vn 0.0000 -1.0000 0.0000
f 2509//837 2510//837 2511//837
v 0.4500 1.0500 1.7500
v 0.5106 1.0500 1.7150
v 0.4500 1.0500 1.6800
vn 0.0000 1.0000 0.0000
f 2512//838 2513//838 2514//838
o sail
usemtl sail
s off
v -0.6200 1.7200 -0.2200
v 0.5000 0.7500 -0.0500
v 0.6200 1.7200 -0.2200
vn -0.0000 0.1726 0.9850
f 2515//839 2516//839 2517//839
v -0.6200 1.7200 -0.2200
v -0.5000 0.7500 -0.0500
v 0.5000 0.7500 -0.0500
vn 0.0000 0.1726 0.9850
f 2518//840 2519//840 2520//840
v -0.7500 0.4200 0.1500
v -1.2359 0.4589 -0.2297
v -1.3457 0.4589 -0.0096
vn 0.0575 0.9979 0.0287
f 2521//841 2522//841 2523//841
v -1.2359 0.4589 -0.2297
v -1.9413 0.5756 -0.1692
v -1.3457 0.4589 -0.0096
vn 0.1696 0.9819 0.0846
f 2524//842 2525//842 2526//842
v -1.2359 0.4589 -0.2297
v -1.7219 0.5756 -0.6093
v -1.9413 0.5756 -0.1692
vn 0.1696 0.9819 0.0846
f 2527//843 2528//843 2529//843
v -1.7219 0.5756 -0.6093
v -2.5370 0.7700 -0.3288
v -1.9413 0.5756 -0.1692
vn 0.2741 0.9519 0.1367
f 2530//844 2531//844 2532//844
v -1.7219 0.5756 -0.6093
v -2.2078 0.7700 -0.9890
v -2.5370 0.7700 -0.3288
vn 0.2741 0.9519 0.1367
f 2533//845 2534//845 2535//845
v -0.7500 0.4200 0.1500
v -1.3457 0.4589 -0.0096
v -1.3607 0.4589 0.2358
vn 0.0641 0.9979 0.0039
f 2536//846 2537//846 2538//846
v -1.3457 0.4589 -0.0096
v -1.9713 0.5756 0.3216
v -1.3607 0.4589 0.2358
vn 0.1892 0.9819 0.0116
f 2539//847 2540//847 2541//847
v -1.3457 0.4589 -0.0096
v -1.9413 0.5756 -0.1692
v -1.9713 0.5756 0.3216
vn 0.1892 0.9819 0.0116
f 2542//848 2543//848 2544//848
v -1.9413 0.5756 -0.1692
v -2.5820 0.7700 0.4075
v -1.9713 0.5756 0.3216
vn 0.3057 0.9519 0.0187
f 2545//849 2546//849 2547//849
v -1.9413 0.5756 -0.1692
v -2.5370 0.7700 -0.3288
v -2.5820 0.7700 0.4075
vn 0.3057 0.9519 0.0187
f 2548//850 2549//850 2550//850
v -0.7500 0.4200 0.1500
v -1.3607 0.4589 0.2358
v -1.2840 0.4589 0.4583
vn 0.0606 0.9979 -0.0209
f 2551//851 2552//851 2553//851
v -1.3607 0.4589 0.2358
v -1.8181 0.5756 0.7667
v -1.2840 0.4589 0.4583
vn 0.1789 0.9819 -0.0616
f 2554//852 2555//852 2556//852
v -1.3607 0.4589 0.2358
v -1.9713 0.5756 0.3216
v -1.8181 0.5756 0.7667
vn 0.1789 0.9819 -0.0616
f 2557//853 2558//853 2559//853
v -1.9713 0.5756 0.3216
v -2.3521 0.7700 1.0750
v -1.8181 0.5756 0.7667
vn 0.2892 0.9521 -0.0996
f 2560//854 2561//854 2562//854
v -1.9713 0.5756 0.3216
v -2.5820 0.7700 0.4075
v -2.3521 0.7700 1.0750
vn 0.2892 0.9521 -0.0996
f 2563//855 2564//855 2565//855
v 0.7500 0.4200 0.1500
v 1.3457 0.4589 -0.0096
v 1.2359 0.4589 -0.2297
vn -0.0575 0.9979 0.0287
f 2566//856 2567//856 2568//856
v 1.2359 0.4589 -0.2297
v 1.3457 0.4589 -0.0096
v 1.9413 0.5756 -0.1692
vn -0.1696 0.9819 0.0846
f 2569//857 2570//857 2571//857
v 1.2359 0.4589 -0.2297
v 1.9413 0.5756 -0.1692
v 1.7219 0.5756 -0.6093
vn -0.1696 0.9819 0.0846
f 2572//858 2573//858 2574//858
v 1.7219 0.5756 -0.6093
v 1.9413 0.5756 -0.1692
v 2.5370 0.7700 -0.3288
vn -0.2741 0.9519 0.1367
f 2575//859 2576//859 2577//859
v 1.7219 0.5756 -0.6093
v 2.5370 0.7700 -0.3288
v 2.2078 0.7700 -0.9890
vn -0.2741 0.9519 0.1367
f 2578//860 2579//860 2580//860
v 0.7500 0.4200 0.1500
v 1.3607 0.4589 0.2358
v 1.3457 0.4589 -0.0096
vn -0.0641 0.9979 0.0039
f 2581//861 2582//861 2583//861
v 1.3457 0.4589 -0.0096
v 1.3607 0.4589 0.2358
v 1.9713 0.5756 0.3216
vn -0.1892 0.9819 0.0116
f 2584//862 2585//862 2586//862
v 1.3457 0.4589 -0.0096
v 1.9713 0.5756 0.3216
v 1.9413 0.5756 -0.1692
vn -0.1892 0.9819 0.0116
f 2587//863 2588//863 2589//863
v 1.9413 0.5756 -0.1692
v 1.9713 0.5756 0.3216
v 2.5820 0.7700 0.4075
vn -0.3057 0.9519 0.0187
f 2590//864 2591//864 2592//864
v 1.9413 0.5756 -0.1692
v 2.5820 0.7700 0.4075
v 2.5370 0.7700 -0.3288
vn -0.3057 0.9519 0.0187
f 2593//865 2594//865 2595//865
v 0.7500 0.4200 0.1500
v 1.2840 0.4589 0.4583
v 1.3607 0.4589 0.2358
vn -0.0606 0.9979 -0.0209
f 2596//866 2597//866 2598//866
v 1.3607 0.4589 0.2358
v 1.2840 0.4589 0.4583
v 1.8181 0.5756 0.7667
vn -0.1789 0.9819 -0.0616
f 2599//867 2600//867 2601//867
v 1.3607 0.4589 0.2358
v 1.8181 0.5756 0.7667
v 1.9713 0.5756 0.3216
vn -0.1789 0.9819 -0.0616
f 2602//868 2603//868 2604//868
v 1.9713 0.5756 0.3216
v 1.8181 0.5756 0.7667
v 2.3521 0.7700 1.0750
vn -0.2892 0.9521 -0.0996
f 2605//869 2606//869 2607//869
v 1.9713 0.5756 0.3216
v 2.3521 0.7700 1.0750
v 2.5820 0.7700 0.4075
vn -0.2892 0.9521 -0.0996
f 2608//870 2609//870 2610//870
o wood
usemtl wood
s off
v -0.0285 0.5500 -2.0000
v -0.3069 -0.0012 -1.5556
v -0.3544 0.4608 -1.5556
vn -0.7959 -0.0818 -0.5999
f 2611//871 2612//871 2613//871
v -0.0285 0.5500 -2.0000
v -0.0247 0.1944 -2.0000
v -0.3069 -0.0012 -1.5556
vn -0.8424 -0.0090 -0.5388
f 2614//872 2615//872 2616//872
v -0.0247 0.1944 -2.0000
v -0.1772 -0.2368 -1.5556
v -0.3069 -0.0012 -1.5556
vn -0.6945 -0.3825 -0.6094
f 2617//873 2618//873 2619//873
v -0.0247 0.1944 -2.0000
v -0.0142 0.0132 -2.0000
v -0.1772 -0.2368 -1.5556
vn -0.9275 -0.0534 -0.3700
f 2620//874 2621//874 2622//874
v -0.0142 0.0132 -2.0000
v 0.0000 -0.3162 -1.5556
v -0.1772 -0.2368 -1.5556
vn -0.3410 -0.7605 -0.5526
f 2623//875 2624//875 2625//875
v -0.0142 0.0132 -2.0000
v 0.0000 -0.0480 -2.0000
v 0.0000 -0.3162 -1.5556
vn -0.9649 -0.2248 -0.1357
f 2626//876 2627//876 2628//876
v 0.0000 -0.0480 -2.0000
v 0.1772 -0.2368 -1.5556
v 0.0000 -0.3162 -1.5556
vn 0.3584 -0.7993 -0.4824
f 2629//877 2630//877 2631//877
v 0.0000 -0.0480 -2.0000
v 0.0142 0.0132 -2.0000
v 0.1772 -0.2368 -1.5556
vn 0.8764 -0.2042 -0.4361
f 2632//878 2633//878 2634//878
v 0.0142 0.0132 -2.0000
v 0.3069 -0.0012 -1.5556
v 0.1772 -0.2368 -1.5556
vn 0.7536 -0.4150 -0.5097
f 2635//879 2636//879 2637//879
v 0.0142 0.0132 -2.0000
v 0.0247 0.1944 -2.0000
v 0.3069 -0.0012 -1.5556
vn 0.8335 -0.0480 -0.5504
f 2638//880 2639//880 2640//880
v 0.0247 0.1944 -2.0000
v 0.3544 0.4608 -1.5556
v 0.3069 -0.0012 -1.5556
vn 0.8239 -0.0847 -0.5604
f 2641//881 2642//881 2643//881
v 0.0247 0.1944 -2.0000
v 0.0285 0.5500 -2.0000
v 0.3544 0.4608 -1.5556
vn 0.8056 -0.0087 -0.5924
f 2644//882 2645//882 2646//882
v -0.3544 0.4608 -1.5556
v -0.4985 -0.1070 -1.1111
v -0.5757 0.3920 -1.1111
vn -0.8783 -0.1358 -0.4584
f 2647//883 2648//883 2649//883
v -0.3544 0.4608 -1.5556
v -0.3069 -0.0012 -1.5556
v -0.4985 -0.1070 -1.1111
vn -0.9060 -0.0931 -0.4129
f 2650//884 2651//884 2652//884
v -0.3069 -0.0012 -1.5556
v -0.2878 -0.3614 -1.1111
v -0.4985 -0.1070 -1.1111
vn -0.6932 -0.5742 -0.4356
f 2653//885 2654//885 2655//885
v -0.3069 -0.0012 -1.5556
v -0.1772 -0.2368 -1.5556
v -0.2878 -0.3614 -1.1111
vn -0.8259 -0.4548 -0.3332
f 2656//886 2657//886 2658//886
v -0.1772 -0.2368 -1.5556
v 0.0000 -0.4472 -1.1111
v -0.2878 -0.3614 -1.1111
vn -0.2705 -0.9073 -0.3218
f 2659//887 2660//887 2661//887
v -0.1772 -0.2368 -1.5556
v 0.0000 -0.3162 -1.5556
v 0.0000 -0.4472 -1.1111
vn -0.3952 -0.8811 -0.2597
f 2662//888 2663//888 2664//888
v 0.0000 -0.3162 -1.5556
v 0.2878 -0.3614 -1.1111
v 0.0000 -0.4472 -1.1111
vn 0.2750 -0.9222 -0.2718
f 2665//889 2666//889 2667//889
v 0.0000 -0.3162 -1.5556
v 0.1772 -0.2368 -1.5556
v 0.2878 -0.3614 -1.1111
vn 0.3853 -0.8591 -0.3368
f 2668//890 2669//890 2670//890
v 0.1772 -0.2368 -1.5556
v 0.4985 -0.1070 -1.1111
v 0.2878 -0.3614 -1.1111
vn 0.7221 -0.5981 -0.3475
f 2671//891 2672//891 2673//891
v 0.1772 -0.2368 -1.5556
v 0.3069 -0.0012 -1.5556
v 0.4985 -0.1070 -1.1111
vn 0.7858 -0.4328 -0.4418
f 2674//892 2675//892 2676//892
v 0.3069 -0.0012 -1.5556
v 0.5757 0.3920 -1.1111
v 0.4985 -0.1070 -1.1111
vn 0.8970 -0.1386 -0.4198
f 2677//893 2678//893 2679//893
v 0.3069 -0.0012 -1.5556
v 0.3544 0.4608 -1.5556
v 0.5757 0.3920 -1.1111
vn 0.8858 -0.0910 -0.4551
f 2680//894 2681//894 2682//894
v -0.5757 0.3920 -1.1111
v -0.6622 -0.1865 -0.6667
v -0.7646 0.3432 -0.6667
vn -0.8993 -0.1739 -0.4014
f 2683//895 2684//895 2685//895
v -0.5757 0.3920 -1.1111
v -0.4985 -0.1070 -1.1111
v -0.6622 -0.1865 -0.6667
vn -0.9204 -0.1422 -0.3643
f 2686//896 2687//896 2688//896
v -0.4985 -0.1070 -1.1111
v -0.3823 -0.4566 -0.6667
v -0.6622 -0.1865 -0.6667
vn -0.6482 -0.6717 -0.3588
f 2689//897 2690//897 2691//897
v -0.4985 -0.1070 -1.1111
v -0.2878 -0.3614 -1.1111
v -0.3823 -0.4566 -0.6667
vn -0.7376 -0.6109 -0.2877
f 2692//898 2693//898 2694//898
v -0.2878 -0.3614 -1.1111
v 0.0000 -0.5477 -0.6667
v -0.3823 -0.4566 -0.6667
vn -0.2245 -0.9420 -0.2495
f 2695//899 2696//899 2697//899
v -0.2878 -0.3614 -1.1111
v 0.0000 -0.4472 -1.1111
v 0.0000 -0.5477 -0.6667
vn -0.2793 -0.9366 -0.2118
f 2698//900 2699//900 2700//900
v 0.0000 -0.4472 -1.1111
v 0.3823 -0.4566 -0.6667
v 0.0000 -0.5477 -0.6667
vn 0.2264 -0.9500 -0.2148
f 2701//901 2702//901 2703//901
v 0.0000 -0.4472 -1.1111
v 0.2878 -0.3614 -1.1111
v 0.3823 -0.4566 -0.6667
vn 0.2761 -0.9261 -0.2571
f 2704//902 2705//902 2706//902
v 0.2878 -0.3614 -1.1111
v 0.6622 -0.1865 -0.6667
v 0.3823 -0.4566 -0.6667
vn 0.6648 -0.6889 -0.2889
f 2707//903 2708//903 2709//903
v 0.2878 -0.3614 -1.1111
v 0.4985 -0.1070 -1.1111
v 0.6622 -0.1865 -0.6667
vn 0.7156 -0.5927 -0.3695
f 2710//904 2711//904 2712//904
v 0.4985 -0.1070 -1.1111
v 0.7646 0.3432 -0.6667
v 0.6622 -0.1865 -0.6667
vn 0.9130 -0.1765 -0.3677
f 2713//905 2714//905 2715//905
v 0.4985 -0.1070 -1.1111
v 0.5757 0.3920 -1.1111
v 0.7646 0.3432 -0.6667
vn 0.9056 -0.1400 -0.4003
f 2716//906 2717//906 2718//906
v -0.7646 0.3432 -0.6667
v -0.8099 -0.2290 -0.2222
v -0.9352 0.3151 -0.2222
vn -0.9085 -0.2092 -0.3619
f 2719//907 2720//907 2721//907
v -0.7646 0.3432 -0.6667
v -0.6622 -0.1865 -0.6667
v -0.8099 -0.2290 -0.2222
vn -0.9283 -0.1795 -0.3257
f 2722//908 2723//908 2724//908
v -0.6622 -0.1865 -0.6667
v -0.4676 -0.5064 -0.2222
v -0.8099 -0.2290 -0.2222
vn -0.6057 -0.7475 -0.2728
f 2725//909 2726//909 2727//909
v -0.6622 -0.1865 -0.6667
v -0.3823 -0.4566 -0.6667
v -0.4676 -0.5064 -0.2222
vn -0.6790 -0.7037 -0.2092
f 2728//910 2729//910 2730//910
v -0.3823 -0.4566 -0.6667
v 0.0000 -0.6000 -0.2222
v -0.4676 -0.5064 -0.2222
vn -0.1941 -0.9701 -0.1460
f 2731//911 2732//911 2733//911
v -0.3823 -0.4566 -0.6667
v 0.0000 -0.5477 -0.6667
v 0.0000 -0.6000 -0.2222
vn -0.2303 -0.9665 -0.1137
f 2734//912 2735//912 2736//912
v 0.0000 -0.5477 -0.6667
v 0.4676 -0.5064 -0.2222
v 0.0000 -0.6000 -0.2222
vn 0.1950 -0.9741 -0.1146
f 2737//913 2738//913 2739//913
v 0.0000 -0.5477 -0.6667
v 0.3823 -0.4566 -0.6667
v 0.4676 -0.5064 -0.2222
vn 0.2291 -0.9615 -0.1517
f 2740//914 2741//914 2742//914
v 0.3823 -0.4566 -0.6667
v 0.8099 -0.2290 -0.2222
v 0.4676 -0.5064 -0.2222
vn 0.6164 -0.7607 -0.2035
f 2743//915 2744//915 2745//915
v 0.3823 -0.4566 -0.6667
v 0.6622 -0.1865 -0.6667
v 0.8099 -0.2290 -0.2222
vn 0.6652 -0.6893 -0.2870
f 2746//916 2747//916 2748//916
v 0.6622 -0.1865 -0.6667
v 0.9352 0.3151 -0.2222
v 0.8099 -0.2290 -0.2222
vn 0.9211 -0.2121 -0.3264
f 2749//917 2750//917 2751//917
v 0.6622 -0.1865 -0.6667
v 0.7646 0.3432 -0.6667
v 0.9352 0.3151 -0.2222
vn 0.9151 -0.1769 -0.3624
f 2752//918 2753//918 2754//918
v -0.9352 0.3151 -0.2222
v -0.8227 -0.2312 0.2222
v -0.9500 0.3097 0.2222
vn -0.9728 -0.2289 -0.0352
f 2755//919 2756//919 2757//919
v -0.9352 0.3151 -0.2222
v -0.8099 -0.2290 -0.2222
v -0.8227 -0.2312 0.2222
vn -0.9741 -0.2243 -0.0293
f 2758//920 2759//920 2760//920
v -0.8099 -0.2290 -0.2222
v -0.4750 -0.5070 0.2222
v -0.8227 -0.2312 0.2222
vn -0.6212 -0.7833 -0.0218
f 2761//921 2762//921 2763//921
v -0.8099 -0.2290 -0.2222
v -0.4676 -0.5064 -0.2222
v -0.4750 -0.5070 0.2222
vn -0.6296 -0.7769 -0.0115
f 2764//922 2765//922 2766//922
v -0.4676 -0.5064 -0.2222
v 0.0000 -0.6000 0.2222
v -0.4750 -0.5070 0.2222
vn -0.1922 -0.9813 -0.0044
f 2767//923 2768//923 2769//923
v -0.4676 -0.5064 -0.2222
v 0.0000 -0.6000 -0.2222
v 0.0000 -0.6000 0.2222
vn -0.1962 -0.9806 0.0000
f 2770//924 2771//924 2772//924
v 0.0000 -0.6000 -0.2222
v 0.4750 -0.5070 0.2222
v 0.0000 -0.6000 0.2222
vn 0.1922 -0.9814 0.0000
f 2773//925 2774//925 2775//925
v 0.0000 -0.6000 -0.2222
v 0.4676 -0.5064 -0.2222
v 0.4750 -0.5070 0.2222
vn 0.1962 -0.9805 -0.0045
f 2776//926 2777//926 2778//926
v 0.4676 -0.5064 -0.2222
v 0.8227 -0.2312 0.2222
v 0.4750 -0.5070 0.2222
vn 0.6213 -0.7835 -0.0113
f 2779//927 2780//927 2781//927
v 0.4676 -0.5064 -0.2222
v 0.8099 -0.2290 -0.2222
v 0.8227 -0.2312 0.2222
vn 0.6295 -0.7767 -0.0220
f 2782//928 2783//928 2784//928
v 0.8099 -0.2290 -0.2222
v 0.9500 0.3097 0.2222
v 0.8227 -0.2312 0.2222
vn 0.9730 -0.2290 -0.0292
f 2785//929 2786//929 2787//929
v 0.8099 -0.2290 -0.2222
v 0.9352 0.3151 -0.2222
v 0.9500 0.3097 0.2222
vn 0.9739 -0.2242 -0.0352
f 2788//930 2789//930 2790//930
v -0.9500 0.3097 0.2222
v -0.7816 -0.2229 0.6667
v -0.9025 0.3302 0.6667
vn -0.9706 -0.2122 0.1136
f 2791//931 2792//931 2793//931
v -0.9500 0.3097 0.2222
v -0.8227 -0.2312 0.2222
v -0.7816 -0.2229 0.6667
vn -0.9691 -0.2280 0.0940
f 2794//932 2795//932 2796//932
v -0.8227 -0.2312 0.2222
v -0.4512 -0.5049 0.6667
v -0.7816 -0.2229 0.6667
vn -0.6475 -0.7585 0.0742
f 2797//933 2798//933 2799//933
v -0.8227 -0.2312 0.2222
v -0.4750 -0.5070 0.2222
v -0.4512 -0.5049 0.6667
vn -0.6209 -0.7830 0.0369
f 2800//934 2801//934 2802//934
v -0.4750 -0.5070 0.2222
v 0.0000 -0.6000 0.6667
v -0.4512 -0.5049 0.6667
vn -0.2063 -0.9784 0.0157
f 2803//935 2804//935 2805//935
v -0.4750 -0.5070 0.2222
v 0.0000 -0.6000 0.2222
v 0.0000 -0.6000 0.6667
vn -0.1922 -0.9814 0.0000
f 2806//936 2807//936 2808//936
v 0.0000 -0.6000 0.2222
v 0.4512 -0.5049 0.6667
v 0.0000 -0.6000 0.6667
vn 0.2063 -0.9785 0.0000
f 2809//937 2810//937 2811//937
v 0.0000 -0.6000 0.2222
v 0.4750 -0.5070 0.2222
v 0.4512 -0.5049 0.6667
vn 0.1922 -0.9812 0.0149
f 2812//938 2813//938 2814//938
v 0.4750 -0.5070 0.2222
v 0.7816 -0.2229 0.6667
v 0.4512 -0.5049 0.6667
vn 0.6488 -0.7600 0.0383
f 2815//939 2816//939 2817//939
v 0.4750 -0.5070 0.2222
v 0.8227 -0.2312 0.2222
v 0.7816 -0.2229 0.6667
vn 0.6197 -0.7815 0.0720
f 2818//940 2819//940 2820//940
v 0.8227 -0.2312 0.2222
v 0.9025 0.3302 0.6667
v 0.7816 -0.2229 0.6667
vn 0.9726 -0.2126 0.0940
f 2821//941 2822//941 2823//941
v 0.8227 -0.2312 0.2222
v 0.9500 0.3097 0.2222
v 0.9025 0.3302 0.6667
vn 0.9671 -0.2276 0.1139
f 2824//942 2825//942 2826//942
v -0.9025 0.3302 0.6667
v -0.7130 -0.1883 1.1111
v -0.8233 0.3814 1.1111
vn -0.9633 -0.1865 0.1930
f 2827//943 2828//943 2829//943
v -0.9025 0.3302 0.6667
v -0.7816 -0.2229 0.6667
v -0.7130 -0.1883 1.1111
vn -0.9635 -0.2106 0.1650
f 2830//944 2831//944 2832//944
v -0.7816 -0.2229 0.6667
v -0.4117 -0.4787 1.1111
v -0.7130 -0.1883 1.1111
vn -0.6849 -0.7107 0.1610
f 2833//945 2834//945 2835//945
v -0.7816 -0.2229 0.6667
v -0.4512 -0.5049 0.6667
v -0.4117 -0.4787 1.1111
vn -0.6459 -0.7566 0.1021
f 2836//946 2837//946 2838//946
v -0.4512 -0.5049 0.6667
v 0.0000 -0.5767 1.1111
v -0.4117 -0.4787 1.1111
vn -0.2308 -0.9699 0.0777
f 2839//947 2840//947 2841//947
v -0.4512 -0.5049 0.6667
v 0.0000 -0.6000 0.6667
v 0.0000 -0.5767 1.1111
vn -0.2060 -0.9772 0.0513
f 2842//948 2843//948 2844//948
v 0.0000 -0.6000 0.6667
v 0.4117 -0.4787 1.1111
v 0.0000 -0.5767 1.1111
vn 0.2312 -0.9716 0.0510
f 2845//949 2846//949 2847//949
v 0.0000 -0.6000 0.6667
v 0.4512 -0.5049 0.6667
v 0.4117 -0.4787 1.1111
vn 0.2057 -0.9757 0.0758
f 2848//950 2849//950 2850//950
v 0.4512 -0.5049 0.6667
v 0.7130 -0.1883 1.1111
v 0.4117 -0.4787 1.1111
vn 0.6902 -0.7162 0.1036
f 2851//951 2852//951 2853//951
v 0.4512 -0.5049 0.6667
v 0.7816 -0.2229 0.6667
v 0.7130 -0.1883 1.1111
vn 0.6412 -0.7511 0.1574
f 2854//952 2855//952 2856//952
v 0.7816 -0.2229 0.6667
v 0.8233 0.3814 1.1111
v 0.7130 -0.1883 1.1111
vn 0.9685 -0.1875 0.1640
f 2857//953 2858//953 2859//953
v 0.7816 -0.2229 0.6667
v 0.9025 0.3302 0.6667
v 0.8233 0.3814 1.1111
vn 0.9582 -0.2095 0.1948
f 2860//954 2861//954 2862//954
v -0.8233 0.3814 1.1111
v -0.6445 -0.0973 1.5556
v -0.7442 0.4689 1.5556
vn -0.9639 -0.1697 0.2051
f 2863//955 2864//955 2865//955
v -0.8233 0.3814 1.1111
v -0.7130 -0.1883 1.1111
v -0.6445 -0.0973 1.5556
vn -0.9644 -0.1868 0.1870
f 2866//956 2867//956 2868//956
v -0.7130 -0.1883 1.1111
v -0.3721 -0.3860 1.5556
v -0.6445 -0.0973 1.5556
vn -0.7051 -0.6654 0.2450
f 2869//957 2870//957 2871//957
v -0.7130 -0.1883 1.1111
v -0.4117 -0.4787 1.1111
v -0.3721 -0.3860 1.5556
vn -0.6788 -0.7044 0.2074
f 2872//958 2873//958 2874//958
v -0.4117 -0.4787 1.1111
v 0.0000 -0.4833 1.5556
v -0.3721 -0.3860 1.5556
vn -0.2470 -0.9439 0.2190
f 2875//959 2876//959 2877//959
v -0.4117 -0.4787 1.1111
v 0.0000 -0.5767 1.1111
v 0.0000 -0.4833 1.5556
vn -0.2268 -0.9531 0.2002
f 2878//960 2879//960 2880//960
v 0.0000 -0.5767 1.1111
v 0.3721 -0.3860 1.5556
v 0.0000 -0.4833 1.5556
vn 0.2481 -0.9480 0.1991
f 2881//961 2882//961 2883//961
v 0.0000 -0.5767 1.1111
v 0.4117 -0.4787 1.1111
v 0.3721 -0.3860 1.5556
vn 0.2259 -0.9494 0.2182
f 2884//962 2885//962 2886//962
v 0.4117 -0.4787 1.1111
v 0.6445 -0.0973 1.5556
v 0.3721 -0.3860 1.5556
vn 0.7121 -0.6719 0.2036
f 2887//963 2888//963 2889//963
v 0.4117 -0.4787 1.1111
v 0.7130 -0.1883 1.1111
v 0.6445 -0.0973 1.5556
vn 0.6725 -0.6978 0.2466
f 2890//964 2891//964 2892//964
v 0.7130 -0.1883 1.1111
v 0.7442 0.4689 1.5556
v 0.6445 -0.0973 1.5556
vn 0.9680 -0.1704 0.1842
f 2893//965 2894//965 2895//965
v 0.7130 -0.1883 1.1111
v 0.8233 0.3814 1.1111
v 0.7442 0.4689 1.5556
vn 0.9604 -0.1860 0.2077
f 2896//966 2897//966 2898//966
v -0.7442 0.4689 1.5556
v -0.5759 0.0113 2.0000
v -0.6650 0.6000 2.0000
vn -0.9656 -0.1461 0.2151
f 2899//967 2900//967 2901//967
v -0.7442 0.4689 1.5556
v -0.6445 -0.0973 1.5556
v -0.5759 0.0113 2.0000
vn -0.9668 -0.1702 0.1907
f 2902//968 2903//968 2904//968
v -0.6445 -0.0973 1.5556
v -0.3325 -0.2888 2.0000
v -0.5759 0.0113 2.0000
vn -0.7491 -0.6076 0.2641
f 2905//969 2906//969 2907//969
v -0.6445 -0.0973 1.5556
v -0.3721 -0.3860 1.5556
v -0.3325 -0.2888 2.0000
vn -0.7111 -0.6710 0.2101
f 2908//970 2909//970 2910//970
v -0.3721 -0.3860 1.5556
v 0.0000 -0.3900 2.0000
v -0.3325 -0.2888 2.0000
vn -0.2836 -0.9312 0.2289
f 2911//971 2912//971 2913//971
v -0.3721 -0.3860 1.5556
v 0.0000 -0.4833 1.5556
v 0.0000 -0.3900 2.0000
vn -0.2481 -0.9480 0.1991
f 2914//972 2915//972 2916//972
v 0.0000 -0.4833 1.5556
v 0.3325 -0.2888 2.0000
v 0.0000 -0.3900 2.0000
vn 0.2856 -0.9379 0.1970
f 2917//973 2918//973 2919//973
v 0.0000 -0.4833 1.5556
v 0.3721 -0.3860 1.5556
v 0.3325 -0.2888 2.0000
vn 0.2465 -0.9419 0.2279
f 2920//974 2921//974 2922//974
v 0.3721 -0.3860 1.5556
v 0.5759 0.0113 2.0000
v 0.3325 -0.2888 2.0000
vn 0.7605 -0.6169 0.2026
f 2923//975 2924//975 2925//975
v 0.3721 -0.3860 1.5556
v 0.6445 -0.0973 1.5556
v 0.5759 0.0113 2.0000
vn 0.7004 -0.6609 0.2696
f 2926//976 2927//976 2928//976
v 0.6445 -0.0973 1.5556
v 0.6650 0.6000 2.0000
v 0.5759 0.0113 2.0000
vn 0.9715 -0.1470 0.1858
f 2929//977 2930//977 2931//977
v 0.6445 -0.0973 1.5556
v 0.7442 0.4689 1.5556
v 0.6650 0.6000 2.0000
vn 0.9605 -0.1691 0.2210
f 2932//978 2933//978 2934//978
v 0.0000 0.2096 -2.0000
v -0.0247 0.1944 -2.0000
v -0.0285 0.5500 -2.0000
vn -0.0000 0.0000 -1.0000
f 2935//979 2936//979 2937//979
v 0.0000 0.2096 -2.0000
v -0.0142 0.0132 -2.0000
v -0.0247 0.1944 -2.0000
vn 0.0000 0.0000 -1.0000
f 2938//980 2939//980 2940//980
v 0.0000 0.2096 -2.0000
v 0.0000 -0.0480 -2.0000
v -0.0142 0.0132 -2.0000
vn 0.0000 -0.0000 -1.0000
f 2941//981 2942//981 2943//981
v 0.0000 0.2096 -2.0000
v 0.0142 0.0132 -2.0000
v 0.0000 -0.0480 -2.0000
vn 0.0000 0.0000 -1.0000
f 2944//982 2945//982 2946//982
v 0.0000 0.2096 -2.0000
v 0.0247 0.1944 -2.0000
v 0.0142 0.0132 -2.0000
vn 0.0000 0.0000 -1.0000
f 2947//983 2948//983 2949//983
v 0.0000 0.2096 -2.0000
v 0.0285 0.5500 -2.0000
v 0.0247 0.1944 -2.0000
vn 0.0000 0.0000 -1.0000
f 2950//984 2951//984 2952//984
v 0.0000 0.2096 -2.0000
v -0.0285 0.5500 -2.0000
v 0.0285 0.5500 -2.0000
vn 0.0000 0.0000 -1.0000
f 2953//985 2954//985 2955//985
v -0.0000 0.0365 2.0000
v -0.6650 0.6000 2.0000
v -0.5759 0.0113 2.0000
vn 0.0000 0.0000 1.0000
f 2956//986 2957//986 2958//986
v -0.0000 0.0365 2.0000
v -0.5759 0.0113 2.0000
v -0.3325 -0.2888 2.0000
vn 0.0000 0.0000 1.0000
f 2959//987 2960//987 2961//987
v -0.0000 0.0365 2.0000
v -0.3325 -0.2888 2.0000
v 0.0000 -0.3900 2.0000
vn 0.0000 0.0000 1.0000
f 2962//988 2963//988 2964//988
v -0.0000 0.0365 2.0000
v 0.0000 -0.3900 2.0000
v 0.3325 -0.2888 2.0000
vn 0.0000 0.0000 1.0000
f 2965//989 2966//989 2967//989
v -0.0000 0.0365 2.0000
v 0.3325 -0.2888 2.0000
v 0.5759 0.0113 2.0000
vn 0.0000 0.0000 1.0000
f 2968//990 2969//990 2970//990
v -0.0000 0.0365 2.0000
v 0.5759 0.0113 2.0000
v 0.6650 0.6000 2.0000
vn -0.0000 0.0000 1.0000
f 2971//991 2972//991 2973//991
v -0.0000 0.0365 2.0000
v 0.6650 0.6000 2.0000
v -0.6650 0.6000 2.0000
vn 0.0000 -0.0000 1.0000
f 2974//992 2975//992 2976//992
v -0.4750 0.3500 0.9750
v -0.4750 0.3500 1.7250
v -0.4750 0.7500 1.7250
vn -1.0000 0.0000 0.0000
f 2977//993 2978//993 2979//993
v -0.4750 0.3500 0.9750
v -0.4750 0.7500 1.7250
v -0.4750 0.7500 0.9750
vn -1.0000 0.0000 0.0000
f 2980//994 2981//994 2982//994
v 0.4750 0.3500 0.9750
v 0.4750 0.7500 1.7250
v 0.4750 0.3500 1.7250
vn 1.0000 0.0000 0.0000
f 2983//995 2984//995 2985//995
v 0.4750 0.3500 0.9750
v 0.4750 0.7500 0.9750
v 0.4750 0.7500 1.7250
vn 1.0000 0.0000 0.0000
f 2986//996 2987//996 2988//996
v -0.4750 0.3500 0.9750
v 0.4750 0.3500 1.7250
v -0.4750 0.3500 1.7250
vn 0.0000 -1.0000 0.0000
f 2989//997 2990//997 2991//997
v -0.4750 0.3500 0.9750
v 0.4750 0.3500 0.9750
v 0.4750 0.3500 1.7250
vn 0.0000 -1.0000 0.0000
f 2992//998 2993//998 2994//998
v -0.4750 0.7500 0.9750
v -0.4750 0.7500 1.7250
v 0.4750 0.7500 1.7250
vn 0.0000 1.0000 0.0000
f 2995//999 2996//999 2997//999
v -0.4750 0.7500 0.9750
v 0.4750 0.7500 1.7250
v 0.4750 0.7500 0.9750
vn 0.0000 1.0000 0.0000
f 2998//1000 2999//1000 3000//1000
v -0.4750 0.3500 0.9750
v -0.4750 0.7500 0.9750
v 0.4750 0.7500 0.9750
vn 0.0000 0.0000 -1.0000
f 3001//1001 3002//1001 3003//1001
v -0.4750 0.3500 0.9750
v 0.4750 0.7500 0.9750
v 0.4750 0.3500 0.9750
vn 0.0000 0.0000 -1.0000
f 3004//1002 3005//1002 3006//1002
v -0.4750 0.3500 1.7250
v 0.4750 0.7500 1.7250
v -0.4750 0.7500 1.7250
vn 0.0000 0.0000 1.0000
f 3007//1003 3008//1003 3009//1003
v -0.4750 0.3500 1.7250
v 0.4750 0.3500 1.7250
v 0.4750 0.7500 1.7250
vn 0.0000 0.0000 1.0000
f 3010//1004 3011//1004 3012//1004
v 0.0000 0.3000 -0.3200
v -0.0433 2.1000 -0.2750
v 0.0000 2.1000 -0.3000
vn -0.5000 0.0096 -0.8660
f 3013//1005 3014//1005 3015//1005
v 0.0000 0.3000 -0.3200
v -0.0606 0.3000 -0.2850
v -0.0433 2.1000 -0.2750
vn -0.5000 0.0096 -0.8660
f 3016//1006 3017//1006 3018//1006
v 0.0000 0.3000 -0.2500
v -0.0606 0.3000 -0.2850
v 0.0000 0.3000 -0.3200
vn 0.0000 -1.0000 -0.0000
f 3019//1007 3020//1007 3021//1007
v 0.0000 2.1000 -0.2500
v 0.0000 2.1000 -0.3000
v -0.0433 2.1000 -0.2750
vn 0.0000 1.0000 0.0000
f 3022//1008 3023//1008 3024//1008
v -0.0606 0.3000 -0.2850
v -0.0433 2.1000 -0.2250
v -0.0433 2.1000 -0.2750
vn -1.0000 0.0096 -0.0000
f 3025//1009 3026//1009 3027//1009
v -0.0606 0.3000 -0.2850
v -0.0606 0.3000 -0.2150
v -0.0433 2.1000 -0.2250
vn -1.0000 0.0096 -0.0000
f 3028//1010 3029//1010 3030//1010
v 0.0000 0.3000 -0.2500
v -0.0606 0.3000 -0.2150
v -0.0606 0.3000 -0.2850
vn -0.0000 -1.0000 0.0000
f 3031//1011 3032//1011 3033//1011
v 0.0000 2.1000 -0.2500
v -0.0433 2.1000 -0.2750
v -0.0433 2.1000 -0.2250
vn 0.0000 1.0000 0.0000
f 3034//1012 3035//1012 3036//1012
v -0.0606 0.3000 -0.2150
v -0.0000 2.1000 -0.2000
v -0.0433 2.1000 -0.2250
vn -0.5000 0.0096 0.8660
f 3037//1013 3038//1013 3039//1013
v -0.0606 0.3000 -0.2150
v -0.0000 0.3000 -0.1800
v -0.0000 2.1000 -0.2000
vn -0.5000 0.0096 0.8660
f 3040//1014 3041//1014 3042//1014
v 0.0000 0.3000 -0.2500
v -0.0000 0.3000 -0.1800
v -0.0606 0.3000 -0.2150
vn 0.0000 -1.0000 0.0000
f 3043//1015 3044//1015 3045//1015
v 0.0000 2.1000 -0.2500
v -0.0433 2.1000 -0.2250
v -0.0000 2.1000 -0.2000
vn 0.0000 1.0000 0.0000
f 3046//1016 3047//1016 3048//1016
v -0.0000 0.3000 -0.1800
v 0.0433 2.1000 -0.2250
v -0.0000 2.1000 -0.2000
vn 0.5000 0.0096 0.8660
f 3049//1017 3050//1017 3051//1017
v -0.0000 0.3000 -0.1800
v 0.0606 0.3000 -0.2150
v 0.0433 2.1000 -0.2250
vn 0.5000 0.0096 0.8660
f 3052//1018 3053//1018 3054//1018
v 0.0000 0.3000 -0.2500
v 0.0606 0.3000 -0.2150
v -0.0000 0.3000 -0.1800
vn 0.0000 -1.0000 0.0000
f 3055//1019 3056//1019 3057//1019
v 0.0000 2.1000 -0.2500
v -0.0000 2.1000 -0.2000
v 0.0433 2.1000 -0.2250
vn 0.0000 1.0000 -0.0000
f 3058//1020 3059//1020 3060//1020
v 0.0606 0.3000 -0.2150
v 0.0433 2.1000 -0.2750
v 0.0433 2.1000 -0.2250
vn 1.0000 0.0096 0.0000
f 3061//1021 3062//1021 3063//1021
v 0.0606 0.3000 -0.2150
v 0.0606 0.3000 -0.2850
v 0.0433 2.1000 -0.2750
vn 1.0000 0.0096 0.0000
f 3064//1022 3065//1022 3066//1022
v 0.0000 0.3000 -0.2500
v 0.0606 0.3000 -0.2850
v 0.0606 0.3000 -0.2150
vn 0.0000 -1.0000 0.0000
f 3067//1023 3068//1023 3069//1023
v 0.0000 2.1000 -0.2500
v 0.0433 2.1000 -0.2250
v 0.0433 2.1000 -0.2750
vn -0.0000 1.0000 0.0000
f 3070//1024 3071//1024 3072//1024
v 0.0606 0.3000 -0.2850
v 0.0000 2.1000 -0.3000
v 0.0433 2.1000 -0.2750
vn 0.5000 0.0096 -0.8660
f 3073//1025 3074//1025 3075//1025
v 0.0606 0.3000 -0.2850
v 0.0000 0.3000 -0.3200
v 0.0000 2.1000 -0.3000
vn 0.5000 0.0096 -0.8660
f 3076//1026 3077//1026 3078//1026
v 0.0000 0.3000 -0.2500
v 0.0000 0.3000 -0.3200
v 0.0606 0.3000 -0.2850
vn 0.0000 -1.0000 0.0000
f 3079//1027 3080//1027 3081//1027
v 0.0000 2.1000 -0.2500
v 0.0433 2.1000 -0.2750
v 0.0000 2.1000 -0.3000
vn 0.0000 1.0000 0.0000
f 3082//1028 3083//1028 3084//1028
v 0.0600 0.4500 -1.8000
v 0.0077 0.7274 -2.7075
v 0.0250 0.7500 -2.7000
vn 0.8087 -0.5479 -0.2141
f 3085//1029 3086//1029 3087//1029
v 0.0600 0.4500 -1.8000
v 0.0185 0.3959 -1.8180
v 0.0077 0.7274 -2.7075
vn 0.8087 -0.5479 -0.2141
f 3088//1030 3089//1030 3090//1030
v 0.0000 0.4500 -1.8000
v 0.0185 0.3959 -1.8180
v 0.0600 0.4500 -1.8000
vn 0.0000 -0.3162 0.9487
f 3091//1031 3092//1031 3093//1031
v 0.0000 0.7500 -2.7000
v 0.0250 0.7500 -2.7000
v 0.0077 0.7274 -2.7075
vn 0.0000 0.3162 -0.9487
f 3094//1032 3095//1032 3096//1032
v 0.0185 0.3959 -1.8180
v -0.0202 0.7361 -2.7046
v 0.0077 0.7274 -2.7075
vn -0.3089 -0.8924 -0.3289
f 3097//1033 3098//1033 3099//1033
v 0.0185 0.3959 -1.8180
v -0.0485 0.4165 -1.8112
v -0.0202 0.7361 -2.7046
vn -0.3089 -0.8924 -0.3289
f 3100//1034 3101//1034 3102//1034
v 0.0000 0.4500 -1.8000
v -0.0485 0.4165 -1.8112
v 0.0185 0.3959 -1.8180
vn -0.0000 -0.3162 0.9487
f 3103//1035 3104//1035 3105//1035
v 0.0000 0.7500 -2.7000
v 0.0077 0.7274 -2.7075
v -0.0202 0.7361 -2.7046
vn -0.0000 0.3162 -0.9487
f 3106//1036 3107//1036 3108//1036
v -0.0485 0.4165 -1.8112
v -0.0202 0.7639 -2.6954
v -0.0202 0.7361 -2.7046
vn -0.9996 0.0094 -0.0283
f 3109//1037 3110//1037 3111//1037
v -0.0485 0.4165 -1.8112
v -0.0485 0.4835 -1.7888
v -0.0202 0.7639 -2.6954
vn -0.9996 0.0094 -0.0283
f 3112//1038 3113//1038 3114//1038
v 0.0000 0.4500 -1.8000
v -0.0485 0.4835 -1.7888
v -0.0485 0.4165 -1.8112
vn 0.0000 -0.3162 0.9487
f 3115//1039 3116//1039 3117//1039
v 0.0000 0.7500 -2.7000
v -0.0202 0.7361 -2.7046
v -0.0202 0.7639 -2.6954
vn 0.0000 0.3162 -0.9487
f 3118//1040 3119//1040 3120//1040
v -0.0485 0.4835 -1.7888
v 0.0077 0.7726 -2.6925
v -0.0202 0.7639 -2.6954
vn -0.3089 0.9113 0.2723
f 3121//1041 3122//1041 3123//1041
v -0.0485 0.4835 -1.7888
v 0.0185 0.5041 -1.7820
v 0.0077 0.7726 -2.6925
vn -0.3089 0.9113 0.2723
f 3124//1042 3125//1042 3126//1042
v 0.0000 0.4500 -1.8000
v 0.0185 0.5041 -1.7820
v -0.0485 0.4835 -1.7888
vn 0.0000 -0.3162 0.9487
f 3127//1043 3128//1043 3129//1043
v 0.0000 0.7500 -2.7000
v -0.0202 0.7639 -2.6954
v 0.0077 0.7726 -2.6925
vn 0.0000 0.3162 -0.9487
f 3130//1044 3131//1044 3132//1044
v 0.0185 0.5041 -1.7820
v 0.0250 0.7500 -2.7000
v 0.0077 0.7726 -2.6925
vn 0.8087 0.5668 0.1575
f 3133//1045 3134//1045 3135//1045
v 0.0185 0.5041 -1.7820
v 0.0600 0.4500 -1.8000
v 0.0250 0.7500 -2.7000
vn 0.8087 0.5668 0.1575
f 3136//1046 3137//1046 3138//1046
v 0.0000 0.4500 -1.8000
v 0.0600 0.4500 -1.8000
v 0.0185 0.5041 -1.7820
vn 0.0000 -0.3162 0.9487
f 3139//1047 3140//1047 3141//1047
v 0.0000 0.7500 -2.7000
v 0.0077 0.7726 -2.6925
v 0.0250 0.7500 -2.7000
vn 0.0000 0.3162 -0.9487
f 3142//1048 3143//1048 3144//1048
